,R1,R2,R3,R4,R5,R6,R7
3899,5,6,24,30,34,38,32
3898,16,18,19,21,29,32,27
3897,8,12,15,18,20,34,37
3896,4,10,13,18,33,39,11
3895,12,23,29,31,32,36,1
3894,12,14,21,29,32,39,26
3893,4,12,17,19,20,30,25
3892,4,6,10,15,32,36,33
3891,2,3,24,25,29,34,7
3890,3,5,14,15,26,34,28
3889,3,14,24,32,36,39,28
3888,6,9,23,24,28,36,26
3887,4,8,25,32,36,38,27
3886,6,9,15,23,32,37,7
3885,2,11,13,22,30,36,24
3884,10,19,20,25,30,32,7
3883,1,3,4,26,28,36,6
3882,3,18,22,26,31,36,14
3881,4,21,27,31,33,39,14
3880,4,12,13,17,34,36,21
3879,2,5,8,14,35,38,24
3878,3,18,22,24,26,33,2
3877,3,10,16,22,28,29,27
3876,3,7,19,20,26,29,21
3875,9,21,25,26,29,32,5
3874,12,13,23,27,30,35,1
3873,6,8,11,13,24,30,5
3872,1,5,8,18,33,35,19
3871,12,14,20,22,25,26,33
3870,14,18,23,28,31,35,38
3869,6,17,22,27,37,39,26
3868,6,11,14,16,27,29,28
3867,1,8,10,17,21,38,9
3866,1,7,12,19,20,28,10
3865,3,8,11,27,29,38,14
3864,2,12,14,27,28,36,34
3863,5,12,21,27,29,33,16
3862,2,10,31,34,35,39,20
3861,2,5,6,9,11,15,1
3860,3,9,20,21,23,28,31
3859,10,22,29,31,38,39,36
3858,26,27,29,30,36,39,19
3857,9,10,16,21,26,29,15
3856,2,11,15,18,30,34,23
3855,2,9,23,29,34,37,31
3854,11,16,25,26,29,35,8
3853,1,16,19,32,36,38,22
3852,20,22,26,28,30,32,12
3851,6,21,22,28,30,35,32
3850,3,21,24,29,31,34,26
3849,6,10,11,22,27,28,37
3848,7,8,9,16,17,21,3
3847,15,20,21,27,30,36,33
3846,1,19,27,28,34,39,20
3845,3,6,11,21,34,37,9
3844,7,14,17,22,24,26,30
3843,4,10,22,28,30,37,1
3842,6,7,13,32,37,38,28
3841,5,21,24,26,30,36,38
3840,3,19,20,24,25,38,30
3839,4,7,19,22,29,31,13
3838,7,8,9,14,21,36,38
3837,7,13,18,19,21,29,34
3836,2,4,19,22,33,35,8
3835,6,8,11,15,33,36,4
3834,9,11,12,29,30,36,28
3833,12,21,23,35,37,39,33
3832,4,16,17,20,26,33,23
3831,2,3,6,21,33,36,12
3830,5,12,16,24,31,34,7
3829,2,5,7,8,21,30,39
3828,4,9,10,27,37,39,2
3827,2,4,30,31,37,39,17
3826,11,15,32,34,38,39,22
3825,14,15,20,21,22,37,30
3824,3,12,15,16,18,38,9
3823,1,12,15,21,24,37,13
3822,5,6,8,9,11,29,18
3821,7,16,23,29,31,38,26
3820,2,9,12,17,25,32,3
3819,8,10,11,16,18,34,36
3818,2,14,19,23,28,35,9
3817,14,19,21,24,28,30,32
3816,4,18,19,20,22,36,35
3815,2,11,13,22,24,38,20
3814,7,16,19,22,29,33,6
3813,5,13,16,17,20,34,29
3812,5,22,24,29,31,37,18
3811,9,12,33,35,38,39,19
3810,13,25,27,28,33,36,19
3809,6,19,25,27,28,33,8
3808,2,7,16,18,22,26,9
3807,7,23,24,27,35,37,39
3806,1,22,23,26,27,28,33
3805,2,8,10,27,34,36,1
3804,1,17,27,33,34,38,19
3803,4,7,25,28,33,35,26
3802,1,4,7,10,34,37,6
3801,2,6,12,19,33,35,5
3800,9,12,13,21,28,39,2
3799,10,13,15,18,25,26,35
3798,3,7,13,23,24,30,1
3797,10,12,20,21,31,38,19
3796,1,11,17,28,34,37,39
3795,7,17,21,28,31,37,30
3794,4,10,12,20,30,34,23
3793,7,12,33,34,37,39,6
3792,5,13,15,22,28,34,1
3791,3,19,21,28,31,39,38
3790,1,5,8,35,37,39,12
3789,13,15,19,20,22,28,5
3788,15,18,21,25,27,32,26
3787,3,8,12,25,27,39,32
3786,5,6,8,9,15,27,34
3785,1,2,3,5,15,24,4
3784,7,10,14,16,20,28,32
3783,2,13,18,19,31,37,36
3782,1,5,9,22,26,32,18
3781,4,7,24,25,27,38,30
3780,2,13,17,28,32,37,9
3779,13,14,25,27,32,33,17
3778,1,13,15,21,35,36,8
3777,2,5,11,18,26,36,22
3776,2,10,22,33,38,39,19
3775,1,6,19,20,24,37,2
3774,3,15,25,28,31,38,37
3773,7,9,18,20,28,36,32
3772,7,16,24,25,37,38,10
3771,1,6,16,29,37,39,5
3770,2,13,14,21,23,26,9
3769,5,15,17,30,31,36,4
3768,17,18,23,28,31,34,32
3767,20,23,25,31,37,39,32
3766,3,13,16,20,21,28,19
3765,7,11,18,22,26,28,12
3764,5,7,8,22,29,33,14
3763,2,3,11,12,15,23,32
3762,11,20,25,26,29,33,38
3761,5,13,18,22,24,33,27
3760,1,5,16,18,20,22,12
3759,2,4,5,6,11,33,9
3758,8,16,17,29,30,32,12
3757,11,20,24,30,33,36,18
3756,5,9,19,23,29,37,16
3755,9,15,22,23,24,35,8
3754,15,20,26,36,37,39,23
3753,1,3,15,17,18,25,35
3752,3,7,20,30,34,38,33
3751,3,5,12,19,36,37,39
3750,10,18,22,27,29,38,5
3749,7,11,15,18,19,20,8
3748,2,7,9,13,15,19,24
3747,5,9,15,21,32,36,13
3746,1,23,30,34,37,38,9
3745,4,12,15,17,20,28,39
3744,6,16,22,27,30,35,36
3743,1,6,18,28,30,34,26
3742,8,11,12,15,31,38,10
3741,17,18,21,27,30,35,28
3740,16,23,25,27,30,35,14
3739,10,16,18,21,29,38,28
3738,11,16,19,23,25,37,22
3737,3,11,12,16,24,28,20
3736,11,12,15,19,32,33,29
3735,8,11,16,27,37,38,5
3734,1,8,12,27,34,37,35
3733,7,15,22,32,33,36,20
3732,12,20,26,32,37,38,10
3731,6,16,17,28,30,36,29
3730,8,9,18,19,20,31,10
3729,12,21,26,29,35,36,31
3728,10,16,25,29,35,36,9
3727,6,22,23,30,31,34,10
3726,5,8,30,34,37,38,20
3725,3,6,12,15,17,24,31
3724,3,13,20,34,35,38,33
3723,3,4,7,8,16,33,2
3722,10,13,14,20,22,35,27
3721,12,17,21,23,24,38,10
3720,7,15,22,29,30,37,3
3719,6,11,12,16,21,34,15
3718,6,16,22,27,37,38,24
3717,6,12,14,24,33,35,20
3716,2,15,17,28,36,37,39
3715,4,6,14,20,25,39,33
3714,5,9,10,21,26,35,30
3713,6,24,31,37,38,39,22
3712,6,8,12,25,27,32,26
3711,3,7,11,18,23,34,30
3710,18,21,23,26,27,31,7
3709,8,14,18,24,27,39,31
3708,1,18,22,23,34,36,31
3707,5,14,15,19,20,21,22
3706,4,14,18,21,35,36,12
3705,1,8,9,20,22,34,24
3704,6,8,13,24,27,37,36
3703,12,14,16,18,25,35,5
3702,8,18,28,30,36,39,32
3701,3,5,6,17,28,33,13
3700,6,17,24,30,32,39,34
3699,12,18,19,20,25,31,8
3698,2,15,17,22,24,30,31
3697,5,9,13,23,24,33,4
3696,4,11,18,20,26,32,13
3695,8,13,14,17,20,23,19
3694,6,11,12,19,32,33,8
3693,2,9,19,24,30,33,22
3692,10,12,16,30,33,37,15
3691,9,14,23,29,31,33,24
3690,11,18,20,28,36,37,29
3689,4,10,21,29,30,37,7
3688,10,12,18,19,32,35,31
3687,14,23,24,26,36,38,1
3686,3,6,19,23,28,29,24
3685,2,13,24,32,35,36,27
3684,9,13,15,17,29,30,26
3683,3,6,14,20,21,27,33
3682,1,5,10,14,26,35,38
3681,2,19,22,26,28,29,11
3680,1,5,29,32,36,38,14
3679,1,7,10,13,32,36,37
3678,4,25,33,34,35,37,13
3677,2,19,21,27,30,37,18
3676,2,12,14,24,29,33,32
3675,2,4,10,16,17,26,15
3674,12,15,21,23,35,39,36
3673,2,8,20,23,32,35,9
3672,2,3,11,23,25,37,16
3671,3,13,18,24,28,33,39
3670,11,21,28,29,35,37,14
3669,5,11,12,27,37,38,30
3668,12,16,17,20,21,39,3
3667,3,5,22,27,29,38,19
3666,15,17,26,34,36,37,13
3665,3,9,15,33,38,39,11
3664,8,19,20,22,23,32,39
3663,8,11,21,29,31,33,22
3662,7,12,13,21,23,27,32
3661,6,10,12,13,15,26,3
3660,11,18,25,31,34,38,6
3659,12,25,31,36,37,39,1
3658,2,6,14,15,21,30,34
3657,6,8,15,16,31,36,17
3656,1,11,14,19,28,34,8
3655,4,11,13,15,16,35,37
3654,8,13,15,18,23,39,27
3653,1,21,31,33,34,39,27
3652,4,6,16,33,36,39,13
3651,4,13,15,20,32,35,30
3650,10,11,19,29,32,33,4
3649,5,8,11,29,34,35,3
3648,3,9,11,16,30,39,23
3647,3,4,13,15,16,35,28
3646,14,21,28,30,32,36,13
3645,14,15,18,23,34,38,10
3644,2,3,4,17,31,33,1
3643,11,15,17,21,28,29,12
3642,7,21,30,32,33,36,23
3641,8,13,16,21,22,32,15
3640,2,11,12,16,18,32,35
3639,8,11,17,27,30,38,4
3638,5,6,10,22,30,32,14
3637,4,18,19,23,25,27,20
3636,2,10,22,28,29,37,12
3635,2,17,18,19,28,29,12
3634,2,12,20,24,28,33,29
3633,9,10,11,13,20,24,8
3632,2,7,8,14,26,31,11
3631,10,14,18,21,27,36,6
3630,1,18,21,22,32,33,16
3629,5,14,16,22,31,33,39
3628,7,9,13,22,27,35,14
3627,15,17,23,24,26,37,18
3626,5,6,15,17,24,31,3
3625,1,5,7,21,35,38,23
3624,2,10,14,16,17,32,1
3623,14,19,23,25,32,35,39
3622,1,2,4,29,34,35,30
3621,15,16,17,23,27,31,37
3620,2,7,12,14,23,35,22
3619,1,5,15,16,33,36,18
3618,7,9,13,14,21,35,25
3617,15,16,26,30,33,34,10
3616,11,13,17,22,35,38,5
3615,12,14,23,27,30,36,18
3614,2,3,17,20,26,37,12
3613,2,5,13,22,28,38,20
3612,7,18,21,28,36,39,6
3611,3,7,19,20,22,27,10
3610,4,12,23,28,36,37,21
3609,9,18,21,26,29,32,16
3608,11,13,14,24,31,33,20
3607,7,9,10,17,22,23,33
3606,2,7,11,19,27,39,28
3605,1,11,18,24,35,37,19
3604,8,22,23,25,35,37,29
3603,2,3,5,8,33,36,15
3602,2,3,16,22,27,29,14
3601,7,10,11,24,27,30,22
3600,3,10,12,15,17,24,9
3599,16,17,24,27,37,38,1
3598,2,19,20,26,34,38,37
3597,2,20,22,23,27,37,39
3596,7,8,10,14,26,31,12
3595,4,15,16,20,29,37,13
3594,9,11,14,19,30,35,38
3593,9,19,24,25,26,34,28
3592,1,21,24,35,38,39,26
3591,9,16,21,28,30,39,25
3590,5,14,27,34,36,38,4
3589,9,12,15,26,34,37,17
3588,1,7,9,14,23,31,2
3587,3,6,17,22,27,32,16
3586,2,10,11,28,29,37,33
3585,5,14,15,20,29,37,35
3584,4,8,12,26,28,37,5
3583,12,16,24,29,34,36,1
3582,5,11,22,24,33,38,2
3581,1,3,12,15,20,26,25
3580,11,13,19,25,28,38,7
3579,4,11,19,21,29,31,25
3578,5,18,20,28,34,39,11
3577,8,9,11,21,32,37,38
3576,6,11,16,19,36,39,8
3575,15,17,28,29,30,39,8
3574,1,21,23,36,37,38,12
3573,6,12,16,20,32,34,28
3572,4,6,25,30,31,38,33
3571,3,5,6,9,12,39,30
3570,1,6,10,11,36,38,28
3569,4,5,6,18,34,36,32
3568,8,16,20,27,31,33,10
3567,6,17,22,27,28,33,29
3566,1,5,6,29,36,39,13
3565,4,8,25,34,35,39,19
3564,7,17,29,32,33,37,34
3563,5,12,15,16,31,32,1
3562,3,21,27,30,35,37,15
3561,1,7,18,27,34,37,14
3560,4,7,15,33,35,37,26
3559,1,7,15,22,27,38,17
3558,1,2,13,22,27,39,24
3557,4,5,9,13,19,22,32
3556,3,8,13,24,28,33,17
3555,15,18,25,27,29,36,14
3554,9,13,24,26,32,37,6
3553,5,9,20,29,35,38,15
3552,7,12,16,17,20,32,14
3551,7,14,15,24,25,29,37
3550,1,11,22,23,34,36,13
3549,1,17,20,21,32,39,31
3548,5,11,13,23,29,33,39
3547,4,6,7,10,14,29,27
3546,3,6,8,14,21,31,15
3545,7,11,16,24,28,33,32
3544,1,4,5,16,25,30,21
3543,11,13,14,15,30,36,16
3542,6,11,23,30,34,37,17
3541,1,2,15,25,31,33,4
3540,10,23,28,33,36,39,18
3539,7,11,14,23,30,33,37
3538,16,18,20,23,36,38,1
3537,2,10,11,15,20,38,18
3536,21,22,34,37,38,39,11
3535,3,9,12,21,22,30,16
3534,1,5,17,23,36,37,28
3533,3,11,13,20,28,33,24
3532,2,15,17,20,22,30,1
3531,7,17,26,27,31,32,4
3530,6,11,13,17,21,35,29
3529,6,12,18,19,27,28,36
3528,3,10,12,13,14,16,23
3527,2,3,15,18,19,22,6
3526,18,22,28,31,35,36,33
3525,6,9,13,14,19,30,7
3524,5,9,16,17,27,35,7
3523,1,2,11,12,20,39,7
3522,3,10,12,15,20,21,36
3521,5,13,24,27,32,37,9
3520,13,14,26,27,36,39,29
3519,12,23,24,30,37,38,18
3518,1,11,20,28,33,34,7
3517,1,3,7,15,23,33,13
3516,5,6,7,13,14,31,37
3515,7,8,20,24,32,39,11
3514,1,14,15,20,23,24,29
3513,6,11,16,24,35,37,36
3512,7,14,18,23,32,39,37
3511,4,12,16,17,28,32,9
3510,5,9,12,23,27,35,33
3509,1,22,31,34,36,37,8
3508,5,9,12,19,22,35,32
3507,6,9,13,14,32,37,26
3506,2,7,19,25,28,32,38
3505,2,6,8,27,33,37,21
3504,8,23,27,32,35,38,24
3503,8,12,18,26,36,37,17
3502,8,9,13,15,20,24,36
3501,4,11,16,22,33,34,24
3500,4,8,20,25,27,38,13
3499,9,13,25,34,37,39,12
3498,4,22,25,30,32,33,12
3497,2,3,19,22,34,39,30
3496,9,13,16,24,26,27,17
3495,1,8,12,27,32,38,30
3494,1,6,15,23,27,29,32
3493,6,7,14,27,30,36,11
3492,3,9,12,19,26,38,13
3491,8,10,14,18,19,38,22
3490,10,12,17,19,31,34,4
3489,17,19,24,27,28,38,37
3488,5,10,13,17,19,36,26
3487,4,7,12,16,28,37,19
3486,12,13,16,19,24,28,20
3485,7,9,14,15,22,23,27
3484,8,9,14,20,24,39,26
3483,7,11,14,18,36,39,33
3482,5,12,14,19,37,39,10
3481,3,8,32,33,35,37,17
3480,2,6,21,26,28,32,25
3479,4,16,17,20,30,37,5
3478,1,3,5,24,30,34,7
3477,10,11,12,13,31,39,9
3476,11,13,17,26,36,39,2
3475,10,11,13,16,30,38,14
3474,15,19,24,30,33,34,18
3473,10,22,27,33,34,36,21
3472,7,14,15,17,29,33,25
3471,1,5,11,19,26,33,14
3470,1,2,3,4,30,37,39
3469,2,19,21,27,28,29,22
3468,2,3,9,23,25,26,8
3467,1,17,18,21,23,36,38
3466,2,3,11,16,25,34,20
3465,3,9,11,21,22,35,30
3464,17,20,21,22,23,29,34
3463,2,6,11,19,31,35,5
3462,3,6,21,28,30,36,7
3461,1,4,9,23,25,30,21
3460,9,12,15,17,29,38,39
3459,1,14,17,23,26,35,39
3458,3,16,18,25,26,32,33
3457,1,9,11,18,32,37,25
3456,8,18,19,22,35,38,3
3455,3,11,16,18,20,23,22
3454,4,20,22,28,31,37,32
3453,3,15,17,18,20,36,11
3452,6,17,29,32,33,38,21
3451,3,8,12,24,27,32,11
3450,1,8,10,14,15,34,39
3449,13,16,27,36,37,39,31
3448,13,15,16,22,37,38,1
3447,1,8,10,22,29,36,38
3446,6,8,9,11,25,29,3
3445,1,6,7,23,25,35,37
3444,1,6,10,13,28,30,24
3443,2,6,13,14,32,33,11
3442,1,6,27,28,31,32,18
3441,7,13,21,29,30,34,11
3440,1,4,25,27,37,39,11
3439,3,8,14,19,32,35,22
3438,5,22,27,31,33,39,11
3437,3,6,30,36,37,38,11
3436,16,18,20,29,30,35,1
3435,1,10,19,25,32,33,26
3434,1,4,12,14,24,29,26
3433,1,2,13,19,29,38,6
3432,4,13,20,21,24,29,36
3431,2,6,8,9,10,14,32
3430,4,7,14,20,27,34,31
3429,2,9,11,27,30,32,31
3428,5,8,16,17,24,25,39
3427,1,4,14,18,20,26,21
3426,9,15,21,28,32,38,27
3425,4,6,7,9,13,39,37
3424,7,8,19,20,24,32,16
3423,7,10,14,18,21,27,31
3422,2,8,21,28,32,38,17
3421,1,14,17,20,30,33,39
3420,1,3,16,24,34,38,27
3419,9,11,12,28,32,35,13
3418,4,12,13,18,24,35,27
3417,1,15,18,29,33,34,31
3416,2,13,18,30,33,38,31
3415,2,15,16,33,35,38,19
3414,11,14,15,19,21,27,10
3413,3,9,28,30,32,37,13
3412,5,7,12,13,19,21,2
3411,2,4,7,15,30,36,34
3410,7,10,13,14,17,29,28
3409,1,5,13,15,18,30,3
3408,7,11,20,26,29,34,19
3407,2,5,7,8,17,26,23
3406,2,7,12,21,24,26,29
3405,8,19,22,33,36,38,21
3404,1,8,18,25,29,30,37
3403,2,5,9,18,26,31,29
3402,7,12,14,16,22,35,11
3401,1,17,24,29,37,38,31
3400,6,9,10,20,33,35,7
3399,17,20,21,24,31,39,10
3398,8,17,21,23,27,29,11
3397,8,21,26,28,33,35,18
3396,4,5,10,19,25,31,13
3395,6,10,23,24,35,36,11
3394,3,4,7,8,14,22,20
3393,2,8,17,19,29,32,34
3392,8,19,24,29,33,38,30
3391,1,4,11,18,32,39,13
3390,6,20,30,32,34,38,2
3389,1,10,12,23,33,34,38
3388,2,15,28,31,32,33,22
3387,8,13,18,22,28,36,26
3386,20,26,30,31,36,39,6
3385,7,9,23,24,30,32,26
3384,9,13,14,22,25,26,29
3383,4,10,13,27,36,37,30
3382,9,14,17,23,30,36,4
3381,3,6,7,26,27,35,4
3380,6,8,17,26,34,35,9
3379,12,17,18,25,26,36,15
3378,12,21,24,28,37,38,2
3377,2,13,14,23,29,35,15
3376,8,20,27,28,35,39,9
3375,4,7,18,25,32,34,27
3374,12,15,27,34,35,39,31
3373,1,24,28,33,35,36,37
3372,5,8,12,16,19,22,10
3371,13,14,22,29,31,34,30
3370,1,2,8,25,27,37,36
3369,9,13,14,27,34,36,35
3368,16,18,23,33,36,39,7
3367,6,8,10,12,17,21,36
3366,4,5,14,15,17,19,34
3365,15,16,22,26,33,39,34
3364,2,5,13,27,32,34,29
3363,2,6,9,17,22,31,29
3362,10,16,17,24,32,33,20
3361,3,11,14,26,28,32,25
3360,4,5,13,18,22,30,38
3359,2,8,9,14,25,26,18
3358,4,9,13,14,21,23,36
3357,15,18,20,23,24,36,9
3356,3,5,7,11,12,33,10
3355,6,8,18,20,36,37,31
3354,1,2,4,10,34,38,26
3353,2,15,20,21,24,25,34
3352,4,13,17,28,38,39,15
3351,3,10,13,14,30,37,27
3350,4,15,22,24,34,38,2
3349,4,5,19,23,31,36,9
3348,9,13,14,19,20,29,6
3347,5,6,20,25,35,39,38
3346,1,5,8,10,35,39,6
3345,2,9,22,27,33,35,11
3344,14,15,27,31,35,42,13
3343,5,17,28,32,37,42,38
3342,2,6,8,9,34,36,39
3341,1,5,20,25,28,42,22
3340,7,14,20,25,33,38,9
3339,4,5,10,14,19,21,12
3338,10,26,30,35,41,44,29
3337,3,9,24,30,35,38,33
3336,6,12,16,26,33,35,9
3335,6,11,13,16,26,43,21
3334,1,10,28,33,41,44,31
3333,5,23,26,27,37,39,11
3332,3,11,15,20,22,27,29
3331,2,7,23,36,37,38,11
3330,17,18,25,30,31,40,28
3329,1,15,25,29,30,38,42
3328,5,15,16,17,36,38,1
3327,1,6,16,20,23,27,34
3326,8,16,18,20,23,30,17
3325,2,3,18,26,29,33,4
3324,5,31,36,38,43,44,3
3323,20,25,29,31,32,37,43
3322,1,6,22,25,28,35,10
3321,9,22,26,34,40,41,21
3320,4,10,12,30,33,39,9
3319,8,23,35,37,38,39,31
3318,3,8,9,17,31,39,41
3317,1,9,24,28,39,40,21
3316,7,13,17,36,37,40,6
3315,3,9,11,26,38,44,4
3314,1,5,9,23,24,36,21
3313,6,12,14,16,30,42,5
3312,15,20,28,32,33,39,16
3311,7,12,21,30,31,40,24
3310,4,15,26,35,36,38,25
3309,20,26,29,38,43,44,17
3308,5,15,31,32,38,42,27
3307,9,24,30,31,38,39,17
3306,9,23,25,30,37,43,40
3305,1,10,17,23,31,33,13
3304,4,9,18,20,31,38,29
3303,3,17,24,27,32,43,44
3302,8,13,17,23,30,37,16
3301,4,15,19,29,42,44,27
3300,1,22,34,36,38,41,20
3299,1,17,19,20,27,29,4
3298,3,4,6,8,25,43,28
3297,6,10,16,24,26,44,21
3296,15,16,17,19,35,37,29
3295,6,9,19,28,32,33,11
3294,5,13,16,20,28,38,40
3293,7,9,11,20,28,31,1
3292,3,6,10,26,29,40,27
3291,2,5,11,17,31,43,28
3290,7,13,22,23,27,43,17
3289,4,8,20,24,27,41,26
3288,15,19,20,28,29,31,9
3287,11,15,26,28,34,43,24
3286,7,22,29,34,37,42,44
3285,5,16,20,21,25,43,36
3284,11,13,24,32,34,38,37
3283,18,27,32,35,38,39,12
3282,11,15,25,26,32,43,39
3281,3,21,39,40,41,44,32
3280,7,12,18,27,32,38,23
3279,10,20,25,39,41,42,6
3278,17,25,31,33,35,38,42
3277,18,19,20,31,37,41,2
3276,1,5,7,10,16,41,20
3275,6,10,12,15,23,36,44
3274,5,15,17,36,38,44,35
3273,5,12,22,24,30,38,31
3272,1,4,7,24,25,38,12
3271,4,12,13,26,33,40,37
3270,2,14,15,20,36,37,13
3269,2,8,9,11,12,28,32
3268,1,5,6,9,23,24,15
3267,7,13,18,21,36,40,12
3266,25,29,36,37,39,41,32
3265,3,11,16,23,34,43,35
3264,12,24,28,36,38,42,23
3263,1,19,26,33,35,38,8
3262,2,11,17,20,35,43,25
3261,3,5,18,25,34,42,35
3260,16,23,27,28,32,40,33
3259,12,13,14,22,32,38,37
3258,7,8,11,27,34,44,10
3257,16,21,35,36,39,40,44
3256,23,25,29,36,43,44,42
3255,16,17,22,27,37,41,34
3254,7,20,24,34,37,44,33
3253,14,15,30,35,41,42,7
3252,5,8,22,31,33,44,11
3251,20,28,30,40,41,43,25
3250,3,6,22,26,31,36,2
3249,9,15,20,22,23,36,35
3248,6,9,16,23,33,35,37
3247,5,12,22,32,39,42,18
3246,2,6,12,22,33,36,9
3245,1,7,16,31,36,42,5
3244,7,11,14,17,25,43,26
3243,3,8,10,12,13,16,41
3242,13,25,30,35,42,43,16
3241,4,12,15,36,42,44,7
3240,6,14,19,24,30,31,5
3239,5,11,17,26,34,36,3
3238,4,5,20,21,33,40,31
3237,6,11,23,32,34,42,33
3236,2,10,11,12,31,37,40
3235,1,6,13,29,30,43,25
3234,4,8,31,36,37,41,19
3233,1,14,17,30,31,41,4
3232,6,8,29,31,35,36,33
3231,1,3,8,26,37,43,23
3230,1,4,14,20,30,38,11
3229,5,17,21,39,42,44,16
3228,3,6,8,18,19,43,32
3227,9,11,12,21,25,30,40
3226,6,21,25,35,38,41,32
3225,3,6,8,11,31,38,4
3224,1,14,25,31,38,42,15
3223,2,4,6,9,23,33,12
3222,3,8,15,22,24,26,34
3221,3,6,13,24,29,42,21
3220,5,15,20,28,29,44,40
3219,9,18,20,33,34,37,19
3218,6,14,17,22,25,38,23
3217,7,9,14,16,27,42,10
3216,15,20,27,32,38,42,30
3215,16,26,27,33,38,44,37
3214,3,16,17,22,28,42,13
3213,14,15,20,26,27,39,6
3212,2,6,23,29,40,41,1
3211,1,3,20,30,31,43,28
3210,7,15,20,29,31,35,11
3209,8,14,24,34,38,43,27
3208,9,10,11,12,16,37,22
3207,4,5,10,17,18,42,25
3206,8,9,11,32,37,38,1
3205,16,25,29,30,32,34,7
3204,9,13,19,24,25,28,44
3203,2,20,24,27,37,40,6
3202,2,4,6,11,30,42,5
3201,3,4,12,14,31,41,36
3200,9,11,25,26,34,39,31
3199,1,2,25,32,38,39,3
3198,7,13,21,23,32,35,20
3197,8,12,13,22,24,35,33
3196,17,24,25,28,37,44,29
3195,7,17,18,24,32,42,14
3194,1,19,21,28,39,40,16
3193,13,20,28,29,38,44,32
3192,20,27,30,34,38,40,32
3191,2,10,19,25,33,37,5
3190,6,14,16,28,29,41,22
3189,6,14,26,33,38,39,43
3188,3,7,8,18,22,44,6
3187,8,27,33,38,39,43,20
3186,2,11,13,24,29,31,36
3185,4,5,7,17,22,31,44
3184,13,25,33,37,40,43,30
3183,8,12,13,16,26,43,5
3182,10,14,17,22,33,44,39
3181,6,12,13,18,25,29,16
3180,2,3,16,17,29,36,8
3179,4,5,13,18,19,38,39
3178,4,5,6,19,35,36,31
3177,8,10,13,35,39,41,24
3176,10,21,23,24,39,42,19
3175,14,15,20,24,26,42,22
3174,2,3,14,18,19,23,42
3173,7,8,11,19,24,29,17
3172,5,24,33,34,39,41,9
3171,2,10,12,22,29,39,1
3170,3,4,13,27,30,35,38
3169,3,5,20,22,35,44,31
3168,3,7,16,23,37,44,4
3167,7,12,22,25,33,42,14
3166,10,12,16,18,43,44,3
3165,6,16,17,20,24,29,4
3164,11,16,23,34,41,44,14
3163,6,11,24,26,28,35,15
3162,1,2,16,18,30,38,27
3161,4,18,19,21,22,32,11
3160,5,17,27,28,29,32,23
3159,4,8,11,25,32,37,34
3158,1,4,15,21,31,39,5
3157,1,11,13,14,20,30,21
3156,11,12,19,36,37,43,24
3155,2,6,8,30,32,42,11
3154,2,14,15,37,41,43,29
3153,2,5,26,35,37,40,17
3152,2,12,18,20,28,30,15
3151,3,9,10,14,16,36,18
3150,6,28,29,30,32,44,11
3149,2,21,30,38,40,42,15
3148,7,8,11,27,38,39,16
3147,2,12,16,22,23,40,9
3146,4,8,11,14,33,39,34
3145,4,8,17,27,29,43,34
3144,1,7,10,15,25,42,35
3143,8,9,15,16,20,36,7
3142,10,15,16,22,35,37,34
3141,1,5,15,16,26,28,25
3140,4,14,21,22,40,41,19
3139,14,20,21,27,36,43,8
3138,6,7,18,20,28,37,34
3137,5,15,18,37,38,39,34
3136,12,14,19,24,34,37,9
3135,1,5,6,10,13,19,38
3134,2,5,21,23,35,41,38
3133,1,8,14,15,16,33,5
3132,1,3,5,6,10,17,37
3131,21,26,27,28,31,43,42
3130,5,12,19,25,30,42,29
3129,1,2,3,17,28,41,34
3128,1,2,24,25,27,42,19
3127,14,16,26,29,36,37,5
3126,4,8,22,24,41,43,42
3125,2,15,25,27,32,37,4
3124,2,9,14,16,25,40,6
3123,1,10,23,26,42,44,3
3122,13,15,34,35,37,43,32
3121,9,10,22,23,33,41,25
3120,2,5,11,38,42,43,7
3119,2,6,17,18,29,40,33
3118,1,12,22,23,41,43,30
3117,7,16,23,31,36,44,29
3116,5,7,14,20,29,33,10
3115,9,13,32,33,39,41,21
3114,2,7,21,23,32,39,25
3113,4,19,20,28,33,40,39
3112,6,19,29,33,37,43,36
3111,8,10,17,21,37,41,31
3110,13,17,22,26,36,37,25
3109,1,2,4,7,19,43,31
3108,5,20,26,33,34,40,31
3107,4,7,16,25,27,44,2
3106,8,24,25,26,35,42,3
3105,14,20,31,34,38,39,32
3104,1,20,21,32,40,43,39
3103,15,16,22,25,32,37,20
3102,6,13,22,27,39,40,32
3101,3,16,20,31,35,39,6
3100,12,23,29,34,36,41,33
3099,5,7,11,14,18,44,38
3098,8,17,24,30,37,40,3
3097,3,5,11,13,35,38,18
3096,3,11,21,28,31,39,25
3095,7,16,18,24,36,42,12
3094,7,20,25,36,37,43,2
3093,2,4,7,9,10,24,28
3092,5,12,23,30,34,41,13
3091,13,16,21,35,36,44,25
3090,7,13,36,37,40,43,15
3089,4,8,10,36,38,42,19
3088,6,15,19,27,29,41,26
3087,3,9,10,15,40,44,2
3086,6,13,32,33,40,41,19
3085,1,3,14,18,24,35,13
3084,3,10,15,25,34,43,21
3083,7,8,26,31,34,39,19
3082,17,24,28,36,42,43,26
3081,10,14,30,32,33,44,4
3080,3,6,18,24,29,35,16
3079,8,11,24,29,35,44,15
3078,1,2,11,18,36,40,10
3077,10,11,17,25,36,37,20
3076,7,17,23,26,32,35,12
3075,7,8,11,12,26,39,4
3074,9,15,16,18,35,44,2
3073,8,16,22,27,29,42,34
3072,1,3,14,20,35,36,25
3071,6,10,14,33,36,40,15
3070,1,2,6,20,37,40,8
3069,7,13,17,33,37,41,40
3068,6,7,11,30,31,37,14
3067,2,9,15,17,31,39,32
3066,2,8,18,29,30,37,21
3065,1,2,9,11,15,41,38
3064,2,9,11,15,20,21,43
3063,4,10,12,22,32,36,38
3062,2,10,15,18,31,42,6
3061,7,19,23,24,25,28,20
3060,5,6,9,17,36,40,2
3059,6,7,12,14,18,44,20
3058,7,19,26,33,36,44,42
3057,4,11,13,19,25,32,36
3056,19,24,26,28,33,35,39
3055,13,14,21,24,28,41,42
3054,4,5,7,24,27,40,11
3053,6,8,32,35,41,42,3
3052,5,21,31,33,38,40,28
3051,7,8,12,29,36,40,19
3050,5,12,26,28,31,32,42
3049,2,11,15,30,34,35,9
3048,1,22,25,32,33,40,34
3047,1,7,8,38,39,43,34
3046,7,8,13,17,28,43,20
3045,10,18,20,33,34,44,11
3044,4,5,12,18,32,43,1
3043,12,13,16,17,35,44,32
3042,12,15,18,20,40,42,2
3041,8,11,14,27,40,43,34
3040,2,11,17,27,30,31,9
3039,5,6,14,36,37,41,3
3038,5,14,28,36,37,43,32
3037,13,24,28,30,32,37,27
3036,1,3,12,19,24,40,21
3035,1,12,18,22,30,40,14
3034,4,8,20,23,31,36,2
3033,5,7,12,30,37,44,3
3032,4,5,13,26,28,34,24
3031,1,3,8,10,23,30,20
3030,4,6,10,15,22,35,30
3029,12,20,23,24,33,36,37
3028,9,15,18,21,32,38,29
3027,13,15,20,25,34,43,41
3026,3,9,13,15,36,41,28
3025,7,12,16,20,30,38,29
3024,10,16,26,30,35,37,40
3023,2,10,17,25,36,43,14
3022,18,24,31,34,43,44,39
3021,5,13,23,30,33,39,11
3020,11,14,16,19,24,28,13
3019,1,3,24,30,38,41,16
3018,6,13,20,30,36,43,15
3017,15,23,31,32,36,42,27
3016,1,6,12,13,27,43,11
3015,2,5,13,17,23,26,30
3014,5,9,23,35,37,43,19
3013,2,3,16,19,20,38,31
3012,13,14,15,16,17,18,19
3011,9,27,32,38,40,41,29
3010,2,4,5,7,23,42,28
3009,6,11,33,34,38,40,9
3008,8,18,21,31,34,43,15
3007,1,4,20,30,31,39,43
3006,3,9,16,29,35,42,33
3005,8,21,24,27,28,31,12
3004,4,25,28,29,30,32,7
3003,12,20,27,34,36,41,11
3002,1,2,4,17,26,41,21
3001,3,7,18,26,34,38,33
3000,4,7,9,12,14,44,2
2999,2,6,10,23,39,42,15
2998,1,10,11,21,34,40,12
2997,2,10,11,13,16,19,31
2996,5,9,13,22,29,35,39
2995,2,5,10,18,37,41,16
2994,15,17,21,23,25,30,35
2993,7,18,22,30,31,44,29
2992,16,30,31,35,36,42,27
2991,17,28,31,36,37,41,4
2990,17,18,20,31,34,43,32
2989,1,2,12,13,15,29,5
2988,7,18,30,36,37,43,23
2987,6,17,26,27,33,40,44
2986,3,7,12,14,27,32,38
2985,5,7,21,33,36,41,3
2984,4,5,19,38,39,42,12
2983,2,7,8,33,35,44,37
2982,18,24,29,32,35,42,31
2981,7,9,15,20,24,41,22
2980,5,20,22,26,40,42,16
2979,1,10,12,27,33,34,32
2978,1,4,11,15,40,42,20
2977,4,9,12,15,28,30,11
2976,5,16,26,28,31,34,30
2975,3,4,25,32,34,35,11
2974,2,7,12,16,28,42,19
2973,7,11,18,26,33,38,6
2972,7,10,24,29,35,41,40
2971,3,4,16,18,25,26,15
2970,2,4,11,27,29,41,1
2969,1,5,8,9,22,25,20
2968,2,12,14,18,34,39,23
2967,4,5,26,28,33,35,39
2966,8,13,20,23,30,33,5
2965,5,11,22,27,43,44,18
2964,1,3,9,34,39,44,2
2963,2,3,14,22,29,37,41
2962,9,10,20,24,35,40,37
2961,1,5,8,10,13,40,17
2960,2,11,16,17,35,36,25
2959,10,11,33,36,41,43,25
2958,1,9,17,23,24,44,34
2957,8,9,12,14,17,38,21
2956,12,15,16,21,37,43,24
2955,12,22,31,35,36,44,40
2954,4,6,7,10,18,43,44
2953,1,2,6,11,24,41,28
2952,3,15,16,33,35,41,43
2951,8,12,25,30,32,34,33
2950,1,9,15,27,34,44,25
2949,22,24,26,27,37,39,25
2948,1,3,8,13,14,21,26
2947,1,12,15,21,27,38,8
2946,5,21,22,31,32,37,11
2945,4,12,18,22,23,31,8
2944,1,5,15,17,41,44,20
2943,5,15,21,34,40,42,11
2942,6,19,21,29,37,44,36
2941,23,29,32,40,41,44,7
2940,7,8,10,13,15,29,40
2939,11,12,14,40,41,43,26
2938,4,10,24,37,38,42,25
2937,1,5,16,21,25,37,20
2936,6,18,23,31,40,41,38
2935,1,8,14,33,42,44,30
2934,13,14,21,34,38,39,32
2933,9,20,24,34,37,40,5
2932,12,18,23,29,33,36,10
2931,13,19,23,29,30,44,25
2930,13,19,23,31,38,43,9
2929,26,29,33,34,39,42,16
2928,8,13,17,21,28,31,3
2927,6,14,18,23,31,35,8
2926,2,5,10,15,23,37,13
2925,2,4,14,24,30,38,40
2924,13,15,21,26,33,34,24
2923,4,5,7,10,28,44,32
2922,2,17,26,28,39,44,12
2921,5,12,15,18,37,41,17
2920,6,13,16,30,31,36,9
2919,2,16,18,24,39,41,30
2918,9,10,19,20,28,32,39
2917,13,17,18,32,35,38,19
2916,7,20,29,32,33,41,43
2915,3,11,15,19,28,37,4
2914,8,9,22,31,39,40,6
2913,4,19,23,24,32,39,42
2912,1,8,11,25,27,36,26
2911,3,5,9,13,23,33,20
2910,8,24,30,35,37,44,31
2909,2,6,8,9,14,29,30
2908,9,16,22,27,30,42,13
2907,2,7,16,22,23,34,28
2906,4,7,8,13,31,41,19
2905,12,14,31,40,43,44,7
2904,3,11,17,20,26,35,37
2903,4,10,14,26,31,40,5
2902,14,18,20,24,26,36,2
2901,2,7,12,13,20,29,21
2900,2,7,10,16,21,36,19
2899,3,13,16,20,33,41,37
2898,3,4,12,19,32,33,40
2897,7,8,10,31,39,41,35
2896,19,28,35,36,37,38,4
2895,11,12,17,18,35,37,1
2894,9,17,18,26,27,38,33
2893,14,24,28,32,35,36,15
2892,7,8,29,30,32,33,4
2891,3,17,20,28,38,41,25
2890,2,16,26,36,37,39,22
2889,8,25,33,34,36,43,2
2888,12,17,32,33,38,40,5
2887,5,7,10,27,30,44,40
2886,2,14,29,34,37,41,23
2885,5,11,25,28,43,44,31
2884,1,8,17,32,43,44,31
2883,3,23,34,37,40,41,17
2882,14,27,30,31,35,37,24
2881,1,17,19,26,36,38,21
2880,11,19,24,27,32,41,28
2879,9,16,28,30,32,34,10
2878,2,14,17,20,25,26,30
2877,1,4,27,29,30,35,40
2876,1,5,14,19,30,31,41
2875,4,6,10,17,33,38,39
2874,11,13,25,35,40,43,9
2873,9,21,27,28,30,37,18
2872,8,14,15,36,37,38,29
2871,18,29,37,39,42,44,5
2870,5,8,22,31,38,44,30
2869,6,13,14,17,31,42,29
2868,4,18,31,37,41,43,40
2867,1,12,19,24,25,35,9
2866,6,12,21,24,31,40,38
2865,2,6,17,18,28,44,34
2864,2,7,18,27,37,43,5
2863,8,13,15,26,32,42,20
2862,7,9,12,20,22,41,18
2861,9,13,17,21,33,37,15
2860,9,10,12,17,28,38,3
2859,3,8,17,32,36,43,7
2858,1,18,20,24,30,32,15
2857,7,15,17,19,33,37,23
2856,9,36,37,41,42,44,25
2855,2,11,24,27,29,40,16
2854,11,12,23,30,40,42,26
2853,1,2,6,24,27,30,43
2852,8,11,22,32,42,43,17
2851,9,17,34,35,36,43,40
2850,2,11,25,31,32,33,4
2849,3,7,10,12,30,34,41
2848,2,3,6,14,18,43,22
2847,6,12,13,24,28,38,43
2846,16,22,31,33,34,36,2
2845,17,24,27,29,33,35,22
2844,4,12,13,27,37,44,1
2843,4,7,14,39,40,42,24
2842,7,9,10,19,22,30,11
2841,9,20,33,37,39,41,28
2840,12,20,21,27,39,42,8
2839,9,18,19,25,29,33,32
2838,2,19,27,36,41,43,6
2837,2,11,23,25,32,34,36
2836,18,20,23,24,28,35,44
2835,5,6,7,8,33,39,3
2834,15,23,41,42,43,44,21
2833,13,14,16,21,27,36,26
2832,9,12,26,32,39,42,1
2831,1,14,20,34,37,41,7
2830,8,10,28,30,33,43,6
2829,2,8,12,21,34,43,13
2828,1,18,29,32,34,39,33
2827,18,21,23,28,39,41,22
2826,6,7,9,13,31,44,27
2825,2,9,12,16,27,29,7
2824,1,7,20,29,37,40,21
2823,3,5,22,29,35,38,6
2822,1,5,11,13,16,28,29
2821,9,22,24,25,30,31,39
2820,1,3,8,27,34,44,21
2819,1,2,7,11,20,39,6
2818,3,11,21,25,33,35,4
2817,1,9,19,28,40,42,37
2816,3,8,10,11,27,42,4
2815,1,5,6,13,15,17,22
2814,5,7,16,18,29,34,11
2813,3,18,19,29,30,41,20
2812,1,4,10,16,18,39,40
2811,6,10,15,17,24,32,21
2810,1,10,25,33,40,44,37
2809,1,5,9,14,19,44,41
2808,1,8,18,19,24,31,32
2807,7,14,17,25,27,38,18
2806,5,6,9,19,28,42,44
2805,1,18,20,22,25,43,9
2804,2,15,24,37,40,42,43
2803,3,11,16,19,23,40,2
2802,5,6,11,21,26,37,7
2801,3,9,13,34,35,44,7
2800,3,4,24,33,39,42,43
2799,1,23,24,29,30,32,40
2798,1,27,36,37,43,44,18
2797,9,12,21,24,26,37,1
2796,6,23,29,37,40,44,25
2795,3,10,24,29,37,41,40
2794,13,18,24,27,31,44,36
2793,13,19,22,27,29,33,40
2792,5,12,13,22,38,42,9
2791,2,6,18,26,41,44,19
2790,20,25,27,29,37,44,24
2789,2,5,11,21,23,27,32
2788,4,10,25,31,37,41,20
2787,16,18,20,29,38,42,6
2786,7,13,27,31,38,39,37
2785,24,31,32,33,34,37,13
2784,13,14,19,28,31,40,20
2783,15,23,27,32,33,41,39
2782,3,5,23,26,27,40,33
2781,10,12,17,19,24,26,32
2780,1,3,15,16,36,44,9
2779,19,24,35,38,40,41,14
2778,3,7,13,15,24,25,34
2777,1,11,16,18,26,33,14
2776,8,35,37,40,42,44,21
2775,3,7,20,28,30,36,44
2774,5,7,11,14,25,30,12
2773,1,8,21,26,27,42,17
2772,9,18,20,23,25,41,24
2771,1,11,19,36,41,43,34
2770,7,10,27,32,33,42,35
2769,11,19,20,37,40,44,14
2768,6,9,17,31,34,43,27
2767,4,6,10,15,20,42,37
2766,6,17,23,30,41,44,31
2765,2,13,24,26,28,36,31
2764,3,14,15,18,29,35,27
2763,3,4,13,29,38,40,43
2762,8,12,24,25,28,31,19
2761,5,16,25,31,32,41,15
2760,5,11,14,38,40,41,27
2759,2,4,5,10,22,23,39
2758,6,11,27,37,40,43,31
2757,17,26,31,34,42,44,7
2756,6,9,19,29,32,37,43
2755,8,16,22,34,36,41,6
2754,2,4,10,26,27,41,22
2753,24,26,27,29,31,36,20
2752,9,12,29,39,42,43,13
2751,17,20,26,35,43,44,6
2750,15,18,20,25,31,32,13
2749,5,19,23,24,26,40,43
2748,2,6,14,20,38,41,9
2747,1,2,25,37,38,44,21
2746,10,21,24,31,38,42,9
2745,2,8,9,24,38,39,34
2744,7,28,35,36,39,42,31
2743,7,23,27,39,42,44,17
2742,1,5,22,31,33,44,36
2741,8,19,30,34,41,44,22
2740,3,10,15,18,33,41,43
2739,20,23,35,37,38,44,39
2738,5,10,26,27,30,37,42
2737,3,6,17,28,33,42,39
2736,3,5,18,27,38,44,13
2735,2,15,18,23,38,42,37
2734,1,3,10,16,32,43,8
2733,13,21,32,33,35,40,8
2732,4,7,9,19,32,36,44
2731,5,14,21,33,34,38,37
2730,2,12,18,23,27,43,40
2729,18,20,32,33,36,38,2
2728,14,18,26,29,32,33,12
2727,6,14,25,27,40,42,18
2726,10,14,20,32,33,44,23
2725,2,12,19,24,38,43,42
2724,8,11,25,39,40,41,28
2723,7,25,29,32,38,41,28
2722,2,17,21,25,31,44,14
2721,5,8,13,14,28,44,21
2720,2,5,13,16,24,40,7
2719,1,3,6,7,37,44,35
2718,10,25,26,34,36,44,37
2717,8,13,24,29,30,32,2
2716,5,15,34,39,40,42,7
2715,8,9,10,17,37,39,33
2714,2,8,20,32,38,42,19
2713,4,10,14,16,26,35,37
2712,5,12,15,36,37,38,31
2711,7,12,16,17,42,43,34
2710,3,7,15,25,32,33,22
2709,11,13,18,28,39,44,37
2708,16,18,21,34,35,44,17
2707,4,9,15,24,32,42,26
2706,8,12,18,35,39,40,27
2705,12,20,23,36,40,44,26
2704,9,10,17,28,38,39,35
2703,1,2,19,20,36,41,39
2702,9,16,25,36,41,42,40
2701,1,25,27,29,38,40,19
2700,3,8,11,22,28,42,24
2699,12,18,24,30,35,44,6
2698,2,27,32,40,41,43,11
2697,17,18,23,27,29,40,6
2696,6,13,14,31,34,41,3
2695,2,4,10,18,30,40,23
2694,8,10,13,24,39,40,44
2693,2,20,25,28,30,38,5
2692,3,13,21,26,33,35,34
2691,7,9,11,24,35,43,13
2690,2,6,8,15,30,39,34
2689,4,10,15,18,20,27,40
2688,7,27,29,30,36,42,13
2687,10,12,15,22,43,44,1
2686,1,7,26,33,38,40,31
2685,4,15,21,30,34,38,33
2684,8,9,22,27,28,31,15
2683,1,5,10,15,16,22,4
2682,13,14,15,30,36,41,26
2681,9,15,16,17,28,43,11
2680,2,6,10,13,20,37,15
2679,1,8,9,13,32,36,34
2678,4,10,25,26,27,39,14
2677,3,7,10,11,21,24,17
2676,3,6,8,16,17,37,25
2675,12,22,26,31,36,39,38
2674,7,23,26,28,31,35,41
2673,5,12,13,29,35,43,30
2672,4,11,17,21,31,42,6
2671,4,9,16,22,40,43,1
2670,1,28,33,36,40,44,43
2669,10,12,23,25,30,34,21
2668,3,6,29,32,33,34,21
2667,5,8,13,19,30,35,37
2666,8,10,12,26,33,36,23
2665,3,23,26,39,40,43,28
2664,2,3,19,32,37,40,27
2663,2,11,23,27,38,42,19
2662,7,9,24,28,38,43,3
2661,10,15,20,22,25,40,16
2660,7,25,28,30,38,40,3
2659,4,10,15,20,21,30,27
2658,3,15,25,34,36,41,1
2657,1,4,7,15,35,40,8
2656,9,20,24,27,31,35,44
2655,10,12,23,31,37,42,13
2654,7,12,19,20,41,44,36
2653,9,15,19,23,24,30,25
2652,3,7,10,18,25,39,35
2651,6,20,25,29,37,41,14
2650,9,12,25,32,35,44,28
2649,4,5,18,37,38,39,29
2648,5,10,17,26,38,42,8
2647,4,7,18,21,34,38,8
2646,7,9,10,12,19,25,38
2645,3,6,7,9,10,14,13
2644,6,10,18,31,34,38,37
2643,1,11,14,28,40,43,5
2642,6,7,19,29,39,40,10
2641,11,22,28,34,41,43,38
2640,6,14,34,36,37,44,35
2639,7,14,24,33,38,39,35
2638,18,23,25,36,37,43,9
2637,14,23,29,35,36,38,39
2636,16,28,30,31,34,44,27
2635,16,21,23,25,34,37,27
2634,3,11,30,31,37,40,15
2633,2,6,7,18,25,29,26
2632,1,4,10,13,26,29,34
2631,5,10,14,25,34,41,42
2630,1,10,18,25,40,44,29
2629,16,21,23,30,38,42,28
2628,5,16,18,22,26,27,37
2627,19,20,26,27,30,39,23
2626,10,25,27,34,35,42,3
2625,1,4,24,28,35,40,12
2624,9,11,17,20,28,39,38
2623,5,7,16,21,36,42,39
2622,5,7,17,27,29,34,10
2621,21,22,24,29,39,44,7
2620,4,5,17,35,40,41,25
2619,7,14,30,33,39,43,3
2618,3,27,34,35,37,38,24
2617,17,23,26,29,35,42,20
2616,7,10,16,22,37,39,40
2615,6,11,15,37,40,42,16
2614,3,18,23,33,40,42,10
2613,5,7,13,16,31,32,2
2612,22,25,26,31,32,41,40
2611,1,9,12,29,39,42,36
2610,6,8,20,23,24,25,33
2609,6,13,16,19,20,32,37
2608,11,20,30,31,32,44,37
2607,4,6,7,33,38,39,43
2606,1,4,5,10,12,42,35
2605,7,21,25,33,34,37,41
2604,6,9,14,22,24,29,4
2603,5,21,25,27,30,39,3
2602,2,11,17,24,25,26,12
2601,2,3,12,25,35,43,34
2600,1,5,18,25,32,37,26
2599,1,7,12,13,22,39,28
2598,8,10,15,16,31,35,4
2597,1,15,16,25,29,31,23
2596,1,3,8,11,15,44,36
2595,5,16,32,34,42,44,9
2594,23,25,32,33,37,38,20
2593,4,15,17,19,21,33,40
2592,3,6,14,21,27,36,33
2591,11,13,15,21,25,30,31
2590,4,8,17,19,27,39,1
2589,2,6,17,25,34,39,7
2588,2,14,28,40,41,43,17
2587,8,11,13,26,37,41,6
2586,6,17,19,23,25,43,32
2585,4,22,34,38,42,44,23
2584,7,16,24,28,31,33,18
2583,6,7,15,17,21,24,1
2582,2,4,6,32,39,40,18
2581,1,12,14,15,34,43,5
2580,9,16,18,28,30,36,2
2579,3,13,16,18,22,34,21
2578,1,7,8,14,25,44,19
2577,14,20,25,26,30,41,18
2576,3,15,33,35,40,42,20
2575,1,8,14,17,18,22,2
2574,2,8,28,31,34,39,17
2573,5,11,21,30,31,32,39
2572,3,11,14,26,31,32,8
2571,6,11,12,22,29,44,1
2570,5,12,18,23,26,39,13
2569,14,15,17,38,40,43,1
2568,16,17,20,28,29,43,22
2567,7,10,20,22,26,40,41
2566,3,6,27,32,38,40,14
2565,5,8,9,14,42,44,36
2564,9,15,31,36,39,43,6
2563,5,13,15,20,30,44,14
2562,6,7,13,27,32,40,35
2561,1,3,7,15,29,42,30
2560,2,3,8,12,17,23,28
2559,18,19,22,35,36,43,3
2558,2,18,23,26,29,32,10
2557,13,27,29,30,37,43,22
2556,8,12,16,21,34,44,6
2555,6,16,21,26,33,37,34
2554,2,13,19,24,30,37,39
2553,3,5,6,12,27,43,41
2552,2,5,13,16,19,38,34
2551,6,17,22,25,29,40,27
2550,13,32,33,36,39,40,15
2549,18,21,25,28,33,35,30
2548,4,11,18,22,28,30,21
2547,12,14,17,28,31,34,32
2546,5,18,25,36,42,44,3
2545,5,17,23,25,38,40,20
2544,1,4,11,13,16,20,36
2543,21,24,26,34,38,44,39
2542,8,24,29,32,33,44,18
2541,3,15,25,30,36,39,34
2540,2,3,7,31,32,38,36
2539,2,11,14,21,29,30,1
2538,1,9,23,25,32,44,17
2537,8,15,17,28,30,42,37
2536,4,24,26,28,38,42,44
2535,2,3,15,26,34,42,9
2534,5,7,25,26,30,39,24
2533,18,22,26,30,33,34,37
2532,13,14,16,20,37,41,34
2531,13,14,17,28,30,31,2
2530,8,9,24,27,35,42,31
2529,6,9,15,18,24,25,1
2528,7,14,25,36,41,43,1
2527,10,14,17,28,33,35,18
2526,1,6,10,31,37,38,4
2525,6,7,19,25,30,33,44
2524,6,8,9,26,37,43,23
2523,6,23,25,26,30,36,31
2522,18,20,28,31,38,44,40
2521,7,11,31,35,38,40,41
2520,4,10,16,18,20,37,3
2519,3,5,6,13,37,42,38
2518,11,18,28,30,31,34,15
2517,10,21,24,25,37,41,12
2516,2,3,8,14,31,39,9
2515,1,5,8,15,31,32,14
2514,10,33,37,40,42,43,44
2513,3,12,13,26,32,41,10
2512,12,17,24,28,35,39,16
2511,9,12,16,20,25,26,43
2510,5,14,15,18,33,36,2
2509,3,6,9,12,24,26,34
2508,1,4,8,9,35,44,24
2507,6,15,18,22,25,32,9
2506,1,5,19,31,34,39,27
2505,6,10,20,22,23,24,15
2504,3,15,21,28,36,37,7
2503,3,7,15,22,34,42,33
2502,9,12,13,34,35,41,1
2501,1,7,13,14,27,35,34
2500,10,22,24,25,37,43,31
2499,28,30,36,39,41,43,27
2498,3,9,19,23,32,39,8
2497,3,19,26,30,39,43,22
2496,2,17,19,21,33,35,28
2495,4,5,6,18,33,36,25
2494,2,7,13,23,34,37,27
2493,10,13,26,30,34,42,27
2492,3,16,17,33,35,40,37
2491,2,9,18,20,38,43,16
2490,9,13,26,30,32,44,19
2489,6,14,17,32,38,42,10
2488,7,8,15,16,18,43,36
2487,7,12,13,14,15,35,19
2486,3,12,13,19,27,38,23
2485,11,18,27,30,34,40,21
2484,2,10,13,18,29,36,15
2483,4,20,22,32,33,42,17
2482,3,18,23,27,34,37,44
2481,1,3,14,15,16,27,12
2480,4,10,16,25,31,35,32
2479,13,20,25,34,38,40,44
2478,10,17,21,25,35,44,31
2477,6,12,13,19,20,22,26
2476,6,10,11,33,35,36,39
2475,1,19,22,25,27,35,30
2474,12,15,23,26,32,33,31
2473,10,15,25,34,39,40,22
2472,2,17,23,29,38,39,11
2471,11,35,36,37,39,43,10
2470,5,7,18,19,22,30,27
2469,10,18,26,28,38,42,13
2468,9,24,27,28,34,36,39
2467,3,21,22,24,37,40,7
2466,3,9,11,20,21,26,5
2465,11,12,14,23,31,43,16
2464,5,15,16,18,32,33,20
2463,15,19,23,25,27,34,21
2462,2,4,18,28,40,42,25
2461,1,14,16,21,31,35,32
2460,8,16,18,21,32,43,34
2459,1,15,20,25,26,33,18
2458,8,23,27,32,33,44,41
2457,20,27,28,29,36,41,37
2456,8,17,19,29,31,43,22
2455,2,14,21,26,37,43,32
2454,1,5,14,16,20,33,40
2453,1,5,13,29,42,44,23
2452,17,19,22,23,38,41,33
2451,4,15,16,26,37,38,27
2450,2,3,10,24,26,36,27
2449,4,13,17,26,33,39,12
2448,9,13,14,22,23,40,3
2447,3,13,14,18,26,42,41
2446,2,10,14,23,41,43,13
2445,20,22,32,33,35,44,21
2444,8,15,19,25,33,36,34
2443,2,12,13,27,28,40,44
2442,18,19,30,31,32,43,3
2441,22,26,32,34,36,43,42
2440,7,8,9,12,22,37,16
2439,1,4,11,17,22,33,44
2438,10,22,30,36,40,44,15
2437,5,10,20,32,37,39,27
2436,2,11,14,21,32,44,30
2435,5,6,18,24,30,35,7
2434,22,27,32,35,43,44,16
2433,2,15,34,37,38,39,26
2432,4,13,14,15,29,40,32
2431,2,3,8,12,27,31,18
2430,4,12,14,15,23,43,13
2429,4,7,14,16,30,37,34
2428,2,14,16,23,37,39,19
2427,2,3,8,16,28,31,15
2426,14,17,18,24,32,42,12
2425,2,4,11,14,33,38,16
2424,5,15,21,22,29,34,28
2423,15,18,25,28,30,44,38
2422,4,8,25,27,37,38,15
2421,1,14,17,25,32,40,16
2420,1,3,13,23,29,40,15
2419,4,5,6,8,12,24,39
2418,4,7,33,35,40,42,2
2417,5,14,23,29,30,38,22
2416,8,11,17,33,39,43,23
2415,7,11,19,28,39,40,31
2414,7,11,26,32,41,42,20
2413,6,8,11,27,35,38,2
2412,2,8,9,24,25,34,42
2411,5,8,13,37,39,44,20
2410,7,8,17,23,40,43,1
2409,9,19,20,21,28,43,1
2408,9,14,20,31,35,38,17
2407,5,21,29,34,36,42,27
2406,8,11,21,23,26,40,28
2405,2,5,17,21,33,40,30
2404,5,15,16,17,21,22,25
2403,5,6,9,12,35,37,11
2402,3,11,15,31,34,42,2
2401,1,9,19,25,29,42,8
2400,6,10,14,15,19,40,2
2399,2,3,17,32,38,42,7
2398,2,15,26,34,36,41,4
2397,25,36,37,39,43,44,16
2396,9,20,22,37,39,41,40
2395,5,6,7,11,32,33,36
2394,9,21,25,34,38,42,27
2393,13,16,24,36,39,41,10
2392,7,8,25,28,30,44,12
2391,4,21,24,30,39,41,32
2390,4,6,16,19,26,32,20
2389,1,6,15,25,28,32,17
2388,10,16,29,31,35,36,13
2387,23,25,32,34,37,43,31
2386,4,13,14,17,21,35,19
2385,6,14,25,31,35,42,34
2384,1,6,9,24,31,43,16
2383,14,18,25,31,40,41,15
2382,17,18,31,38,43,44,37
2381,10,18,24,26,28,39,22
2380,3,4,20,28,34,35,1
2379,13,20,28,34,35,39,30
2378,3,11,12,22,29,40,4
2377,2,5,12,20,23,27,14
2376,2,4,11,26,29,30,20
2375,5,20,36,37,38,43,13
2374,11,22,25,35,38,42,28
2373,2,10,11,25,31,33,4
2372,1,8,16,20,23,38,39
2371,7,15,20,25,30,38,27
2370,12,17,21,22,32,36,40
2369,2,7,11,26,29,41,4
2368,7,9,10,20,22,40,8
2367,2,15,26,27,42,44,35
2366,1,8,9,33,38,39,5
2365,9,30,31,35,39,44,4
2364,9,14,17,23,34,36,16
2363,1,13,14,27,33,44,24
2362,2,19,36,38,40,44,3
2361,10,11,22,28,35,41,33
2360,6,7,18,27,37,41,43
2359,3,12,16,18,42,44,24
2358,27,35,38,39,41,42,26
2357,16,19,20,25,28,40,38
2356,14,21,23,25,37,43,18
2355,1,8,9,13,18,32,4
2354,4,15,18,25,35,39,5
2353,9,13,14,25,41,47,16
2352,11,22,24,25,42,43,23
2351,1,2,5,20,21,23,36
2350,11,26,27,34,44,46,8
2349,6,16,26,30,37,43,10
2348,10,15,22,30,34,40,39
2347,11,12,24,31,36,39,5
2346,7,16,22,24,27,33,45
2345,13,16,28,38,40,43,44
2344,4,8,14,17,35,44,5
2343,1,7,10,18,21,28,30
2342,7,18,26,27,33,43,6
2341,10,14,19,28,29,34,26
2340,1,8,25,30,45,46,12
2339,3,4,18,33,42,44,22
2338,6,12,17,32,41,47,43
2337,2,9,28,39,40,42,32
2336,1,7,14,16,17,22,28
2335,4,25,28,37,40,41,19
2334,3,16,21,29,30,35,44
2333,1,5,11,23,27,32,9
2332,7,8,31,32,41,42,2
2331,1,6,10,22,26,33,31
2330,7,32,34,35,45,46,2
2329,7,9,12,14,20,27,46
2328,12,13,17,21,37,39,14
2327,9,12,28,29,35,39,44
2326,3,13,17,29,32,37,12
2325,19,26,27,29,34,43,38
2324,5,13,20,26,28,40,43
2323,12,15,29,34,42,47,18
2322,5,19,20,24,39,47,38
2321,9,11,14,27,34,47,43
2320,16,17,30,35,37,39,14
2319,7,23,24,27,34,39,12
2318,7,9,29,31,39,42,3
2317,1,3,9,10,22,38,14
2316,22,24,25,27,43,44,3
2315,6,7,19,22,24,41,26
2314,21,22,33,36,40,44,25
2313,10,17,20,33,41,42,19
2312,11,18,22,23,36,47,19
2311,1,3,17,24,28,33,8
2310,9,16,35,40,42,44,11
2309,9,13,15,18,32,33,30
2308,14,16,20,31,41,45,42
2307,4,7,27,30,32,33,14
2306,4,14,17,25,34,38,23
2305,2,6,12,25,35,39,43
2304,3,4,6,33,34,37,9
2303,2,11,20,27,32,36,24
2302,5,6,24,29,32,35,45
2301,2,7,14,16,33,42,10
2300,7,27,35,38,39,42,31
2299,1,4,12,23,28,29,22
2298,3,9,17,21,36,43,34
2297,18,20,27,36,42,44,9
2296,11,13,33,36,38,39,25
2295,10,13,18,26,30,39,15
2294,3,13,24,28,30,46,43
2293,13,27,32,33,41,46,16
2292,1,9,23,28,38,47,17
2291,4,10,14,15,26,27,11
2290,5,12,15,19,28,38,40
2289,27,28,29,30,42,46,1
2288,2,10,19,24,27,31,1
2287,7,8,18,24,28,40,34
2286,10,11,30,31,32,44,21
2285,8,14,15,18,19,45,27
2284,1,4,14,15,30,33,18
2283,1,12,22,31,41,45,40
2282,2,3,11,32,41,47,45
2281,6,8,24,41,43,45,28
2280,4,10,27,32,37,41,42
2279,23,25,32,34,38,44,16
2278,3,7,13,18,22,34,11
2277,10,14,18,20,22,27,29
2276,11,17,22,28,42,46,44
2275,8,10,12,26,28,39,6
2274,11,13,26,30,32,42,29
2273,8,9,21,24,37,38,16
2272,13,17,27,34,37,46,29
2271,13,17,23,35,39,46,31
2270,11,12,17,20,33,45,3
2269,16,17,21,31,41,46,30
2268,5,8,16,27,31,33,19
2267,1,9,22,36,38,43,39
2266,5,7,8,24,34,42,36
2265,4,8,14,24,34,47,6
2264,13,16,26,32,41,43,4
2263,5,6,17,30,34,41,33
2262,1,9,21,35,44,45,37
2261,1,8,24,40,45,47,19
2260,7,9,16,33,43,45,38
2259,4,28,32,39,40,45,13
2258,7,19,24,28,29,41,32
2257,3,4,8,27,31,33,25
2256,11,17,18,20,37,45,38
2255,3,11,29,41,42,44,35
2254,4,19,24,25,40,44,20
2253,11,13,14,29,43,44,18
2252,3,18,30,36,43,47,33
2251,18,23,36,39,40,47,17
2250,2,3,9,19,22,41,16
2249,1,5,17,18,20,47,36
2248,6,16,31,36,41,46,9
2247,7,8,9,23,43,47,19
2246,1,12,19,32,35,40,22
2245,5,13,19,27,42,47,24
2244,3,7,8,16,30,44,25
2243,24,30,31,34,42,45,21
2242,10,33,34,36,42,46,11
2241,1,4,10,11,42,44,6
2240,3,16,35,42,43,44,34
2239,4,16,22,28,31,36,15
2238,6,9,38,40,42,43,36
2237,2,19,24,31,36,42,4
2236,23,29,42,44,45,47,9
2235,1,5,8,12,24,43,31
2234,7,17,33,41,43,44,9
2233,4,14,16,22,29,33,10
2232,1,2,11,15,17,31,46
2231,5,11,18,25,28,47,13
2230,4,9,12,17,19,36,33
2229,4,11,12,18,36,47,27
2228,5,8,10,25,27,39,45
2227,7,12,25,36,45,46,15
2226,6,7,20,38,41,47,29
2225,16,23,24,25,32,37,1
2224,3,8,26,33,38,45,37
2223,14,17,22,29,31,47,19
2222,5,7,8,9,14,27,6
2221,5,9,24,28,37,45,19
2220,5,36,37,39,40,47,15
2219,3,5,23,26,35,36,2
2218,4,25,26,32,41,45,23
2217,5,15,16,17,25,42,9
2216,5,15,17,24,28,31,19
2215,14,19,24,29,36,40,17
2214,6,18,21,28,31,32,33
2213,12,16,21,24,38,46,13
2212,8,10,14,29,35,46,38
2211,13,15,17,18,27,40,26
2210,5,16,25,26,27,29,12
2209,22,27,32,40,43,46,9
2208,5,9,12,31,34,44,36
2207,2,4,14,29,40,42,11
2206,8,29,32,36,37,39,12
2205,2,4,18,25,37,43,36
2204,3,7,30,36,38,45,37
2203,12,21,22,26,37,47,8
2202,10,17,30,34,36,40,4
2201,5,6,7,25,32,40,16
2200,6,9,23,28,30,35,12
2199,10,16,23,32,33,39,19
2198,9,12,19,28,30,42,35
2197,2,5,9,11,14,21,29
2196,7,16,27,31,34,35,43
2195,2,8,18,19,33,46,10
2194,7,9,31,36,45,46,35
2193,21,34,36,39,41,43,12
2192,1,12,14,17,19,47,24
2191,9,13,19,32,34,47,20
2190,5,15,16,26,30,34,1
2189,3,8,16,22,36,43,29
2188,4,8,16,20,44,47,26
2187,2,14,18,20,22,34,38
2186,3,14,21,30,40,41,43
2185,10,20,28,34,36,44,37
2184,1,11,14,21,23,35,9
2183,11,19,24,32,40,44,46
2182,7,9,13,14,23,35,6
2181,16,19,20,21,22,44,11
2180,7,8,18,30,33,39,43
2179,14,21,24,37,45,47,11
2178,6,9,14,23,34,39,37
2177,7,10,15,27,28,31,14
2176,23,30,33,36,40,43,25
2175,5,20,24,33,34,45,13
2174,3,5,12,24,30,42,31
2173,8,15,17,21,30,31,46
2172,4,5,21,26,28,34,12
2171,16,20,24,28,32,44,13
2170,11,12,16,25,26,43,15
2169,10,21,27,33,38,39,30
2168,2,14,18,21,29,45,15
2167,2,3,14,19,41,45,25
2166,5,17,21,25,37,43,1
2165,6,16,30,32,34,35,14
2164,4,11,17,18,20,36,8
2163,14,15,17,19,29,39,41
2162,8,11,19,28,30,47,43
2161,13,18,28,31,43,47,6
2160,6,9,22,36,42,46,3
2159,6,9,10,30,39,44,8
2158,4,27,32,39,44,47,12
2157,8,9,15,19,28,45,47
2156,6,17,30,31,38,41,18
2155,3,19,24,25,37,40,28
2154,11,12,22,35,39,40,45
2153,1,3,9,13,14,30,17
2152,7,9,13,16,18,40,26
2151,8,10,13,14,21,29,16
2150,4,19,29,39,41,42,6
2149,7,11,27,30,43,45,42
2148,7,20,21,25,31,41,24
2147,1,5,18,40,46,47,22
2146,2,12,15,39,41,47,17
2145,5,28,31,34,41,42,19
2144,3,6,12,22,35,37,40
2143,3,16,31,37,38,47,43
2142,2,9,13,19,23,37,42
2141,1,5,27,30,32,37,20
2140,9,22,24,25,33,42,29
2139,13,18,23,27,29,32,33
2138,1,2,9,13,43,46,26
2137,6,24,25,28,30,40,37
2136,6,8,14,26,31,42,32
2135,8,16,23,33,41,43,6
2134,6,14,19,21,34,43,13
2133,4,8,22,24,30,47,29
2132,4,13,23,38,40,47,11
2131,2,12,13,14,24,36,43
2130,17,22,30,37,38,44,40
2129,5,15,17,19,28,47,38
2128,26,27,30,37,41,44,18
2127,1,15,20,24,28,33,31
2126,12,31,32,38,44,45,11
2125,1,5,7,20,44,47,46
2124,7,26,28,34,35,42,5
2123,3,17,20,28,30,39,5
2122,14,19,24,28,32,40,9
2121,3,5,11,32,38,45,40
2120,2,10,15,23,36,42,31
2119,6,8,12,42,44,47,24
2118,10,15,21,24,26,46,19
2117,2,19,21,24,25,46,32
2116,9,22,26,39,42,45,17
2115,1,7,9,32,37,45,10
2114,10,13,26,27,39,43,25
2113,18,25,26,27,32,35,38
2112,4,10,14,32,34,38,11
2111,1,10,12,17,43,45,40
2110,17,25,31,35,40,46,45
2109,10,15,20,21,33,46,16
2108,13,21,25,32,41,47,40
2107,3,18,21,24,27,39,29
2106,4,17,24,27,28,47,20
2105,24,25,27,34,36,43,31
2104,3,21,22,29,37,45,25
2103,2,18,27,40,45,46,43
2102,6,14,33,38,41,42,13
2101,5,8,11,21,25,44,33
2100,3,11,18,28,36,42,20
2099,5,18,21,24,29,46,7
2098,13,16,19,31,46,47,20
2097,10,13,20,28,32,38,35
2096,19,32,35,39,44,45,12
2095,18,19,25,32,33,36,7
2094,3,14,20,26,33,47,10
2093,1,3,6,9,12,16,35
2092,8,11,16,33,40,45,41
2091,4,18,28,30,32,34,44
2090,2,11,28,36,42,45,4
2089,13,19,20,32,34,37,38
2088,19,20,22,26,39,45,9
2087,2,4,16,32,38,42,6
2086,20,23,25,31,40,45,16
2085,1,17,23,27,31,41,28
2084,12,15,22,30,37,40,28
2083,14,22,23,25,28,31,13
2082,1,2,5,8,19,27,33
2081,6,11,31,35,37,41,18
2080,4,12,20,27,29,43,45
2079,1,4,20,27,30,39,41
2078,6,17,20,21,22,44,34
2077,3,14,21,25,35,37,27
2076,3,6,10,17,37,41,24
2075,13,24,29,30,32,38,10
2074,7,9,12,18,37,41,29
2073,1,9,25,33,37,42,44
2072,5,7,9,10,14,25,29
2071,3,18,25,26,27,42,4
2070,3,6,10,34,39,47,1
2069,10,12,15,23,24,36,25
2068,3,17,19,30,36,39,43
2067,1,7,18,20,29,31,6
2066,4,14,15,23,28,36,10
2065,1,10,15,37,38,47,32
2064,4,12,26,32,36,47,19
2063,3,14,20,29,32,41,12
2062,6,12,24,26,45,47,2
2061,3,5,20,31,38,43,8
2060,13,18,20,22,39,43,15
2059,11,17,19,24,29,39,41
2058,6,12,13,25,30,41,28
2057,1,3,7,13,22,29,25
2056,5,15,30,37,41,47,7
2055,5,12,13,15,34,36,21
2054,1,22,25,30,38,42,36
2053,5,15,21,30,43,46,6
2052,2,4,19,30,35,46,16
2051,11,23,30,35,40,42,15
2050,8,11,15,17,29,43,28
2049,9,11,12,19,22,44,24
2048,1,3,4,15,36,39,31
2047,1,16,26,31,37,45,7
2046,15,16,17,25,41,42,19
2045,7,13,15,21,28,34,6
2044,5,10,14,36,41,43,38
2043,2,3,12,38,42,44,7
2042,8,14,18,25,29,36,21
2041,13,15,20,22,34,42,35
2040,3,4,22,37,38,40,23
2039,17,25,29,33,36,46,11
2038,3,8,12,16,36,44,31
2037,25,30,31,42,43,47,21
2036,5,10,16,33,37,42,23
2035,12,13,22,35,38,40,25
2034,4,8,23,41,43,46,29
2033,1,6,33,37,38,45,25
2032,10,15,17,36,39,41,2
2031,19,23,31,40,46,47,26
2030,4,11,14,17,33,39,28
2029,4,12,15,26,27,40,11
2028,1,5,22,24,35,45,11
2027,6,19,27,36,40,44,29
2026,2,6,12,16,28,36,4
2025,7,11,20,28,41,46,30
2024,6,7,13,14,29,43,22
2023,15,23,27,32,35,48,13
2022,8,14,19,28,32,40,35
2021,9,11,15,19,24,46,26
2020,15,31,32,34,46,50,12
2019,13,17,23,31,41,48,11
2018,1,3,4,25,29,41,45
2017,15,16,20,25,30,48,23
2016,3,5,12,30,42,44,22
2015,1,14,19,29,36,42,41
2014,9,12,26,28,42,50,7
2013,5,6,11,30,37,50,12
2012,4,9,14,32,43,48,5
2011,4,9,24,39,41,49,11
2010,13,17,27,44,49,51,30
2009,1,7,19,34,39,47,48
2008,14,22,28,30,39,44,3
2007,1,6,13,21,44,50,12
2006,3,10,15,18,22,40,17
2005,14,21,33,41,49,50,7
2004,1,3,4,11,30,31,48
2003,7,22,32,39,41,50,42
2002,1,8,10,15,19,21,45
2001,14,18,19,29,44,48,8
2000,12,19,25,39,47,49,11
1999,5,15,33,34,39,40,25
1998,5,18,21,29,31,51,1
1997,1,23,34,44,45,47,18
1996,15,26,31,38,46,48,25
1995,4,19,32,43,44,47,6
1994,5,7,17,34,45,49,44
1993,10,18,30,38,41,44,22
1992,4,8,18,20,40,45,16
1991,13,20,21,23,35,46,30
1990,23,24,28,30,35,50,10
1989,7,16,18,24,28,39,44
1988,14,23,30,37,40,46,8
1987,3,7,27,31,32,42,51
1986,10,11,20,32,45,50,40
1985,16,25,34,39,47,50,43
1984,11,21,22,25,28,35,26
1983,2,7,14,35,41,50,45
1982,6,19,26,28,37,41,10
1981,4,16,23,30,44,51,2
1980,15,17,23,32,38,39,36
1979,4,8,9,17,28,48,31
1978,12,16,19,33,42,43,13
1977,1,8,17,19,20,31,28
1976,3,6,11,21,35,36,4
1975,9,15,18,23,37,41,7
1974,7,9,22,30,32,43,46
1973,25,26,29,36,45,51,46
1972,6,8,26,28,48,50,36
1971,16,20,33,39,43,44,3
1970,8,13,36,38,42,44,43
1969,10,21,27,42,43,48,19
1968,2,19,29,36,38,49,9
1967,10,18,21,31,41,48,14
1966,1,4,8,10,15,50,16
1965,16,17,18,35,39,49,20
1964,3,12,13,47,48,50,5
1963,7,13,17,32,42,49,6
1962,2,12,19,20,23,50,13
1961,5,15,22,23,43,49,10
1960,1,7,12,18,23,46,33
1959,4,5,14,17,28,45,2
1958,6,17,23,25,38,40,45
1957,17,31,32,39,41,47,29
1956,31,32,35,36,39,41,47
1955,14,19,20,21,41,45,3
1954,16,18,20,34,41,50,8
1953,4,11,13,33,34,47,10
1952,9,11,22,28,35,47,44
1951,12,30,34,41,49,50,31
1950,24,26,35,42,47,51,8
1949,11,16,19,22,25,47,41
1948,12,18,22,29,30,38,2
1947,4,5,21,22,29,49,46
1946,1,6,8,20,24,44,45
1945,7,8,17,23,38,47,51
1944,2,4,13,20,22,51,33
1943,8,13,18,30,44,50,6
1942,19,24,32,36,48,51,49
1941,28,30,32,33,40,46,34
1940,4,13,31,35,37,47,21
1939,1,10,18,32,33,40,16
1938,2,7,16,32,44,49,39
1937,1,7,24,28,39,47,41
1936,1,3,17,31,38,42,36
1935,4,16,35,40,43,50,45
1934,1,7,27,41,45,49,14
1933,13,27,31,36,41,50,28
1932,10,11,13,45,47,49,5
1931,3,8,11,18,28,35,44
1930,15,21,31,33,35,39,22
1929,13,31,40,43,46,47,32
1928,2,4,8,32,39,40,27
1927,9,16,19,29,31,35,32
1926,3,26,28,34,38,42,27
1925,6,16,20,28,29,48,47
1924,12,14,22,39,41,45,40
1923,5,6,11,33,49,51,41
1922,11,12,19,34,45,47,40
1921,12,13,15,24,32,51,41
1920,8,25,29,31,47,48,41
1919,4,10,12,24,37,48,18
1918,16,18,34,41,48,49,10
1917,8,13,25,28,44,45,4
1916,8,16,17,18,30,50,4
1915,1,11,28,35,40,48,47
1914,1,6,7,34,35,50,39
1913,2,4,15,29,49,51,16
1912,2,6,18,32,33,36,9
1911,3,23,40,41,49,50,4
1910,9,19,21,22,47,48,44
1909,9,17,25,29,38,47,30
1908,5,12,14,32,33,45,9
1907,11,12,19,38,40,46,5
1906,1,6,15,18,19,30,41
1905,4,14,20,22,31,51,21
1904,7,8,9,18,30,43,24
1903,2,4,5,22,25,46,16
1902,5,6,29,42,47,50,20
1901,4,5,11,19,44,50,3
1900,3,11,35,39,44,51,34
1899,10,19,44,46,49,50,18
1898,3,4,8,13,45,49,1
1897,6,8,10,17,20,31,42
1896,3,7,19,20,26,43,37
1895,11,12,32,38,41,44,26
1894,6,20,28,30,40,41,42
1893,16,18,30,31,38,44,29
1892,2,5,42,45,46,48,9
1891,1,11,17,43,48,51,26
1890,1,3,4,8,35,47,22
1889,11,15,31,39,44,46,29
1888,11,14,27,42,48,49,9
1887,13,15,18,25,35,45,20
1886,1,9,24,25,34,49,40
1885,7,19,20,36,38,41,48
1884,20,22,32,45,46,48,36
1883,7,24,26,38,41,47,21
1882,2,16,20,25,33,50,44
1881,4,7,14,25,27,33,24
1880,11,15,34,38,40,44,10
1879,6,11,19,27,30,43,13
1878,2,30,38,39,40,49,47
1877,7,8,19,20,36,40,22
1876,6,14,15,21,29,46,18
1875,19,20,22,28,48,49,47
1874,8,11,18,25,31,51,32
1873,23,33,36,38,47,51,3
1872,4,6,31,32,47,51,41
1871,2,18,28,35,39,45,50
1870,3,6,23,32,50,51,39
1869,7,19,26,29,32,49,43
1868,1,32,36,38,45,47,17
1867,13,20,22,28,37,38,33
1866,11,23,26,35,39,41,15
1865,4,5,11,26,27,48,30
1864,6,8,26,37,39,46,16
1863,4,7,32,35,36,43,24
1862,1,2,8,17,29,48,11
1861,5,6,13,18,27,48,12
1860,9,20,33,39,41,48,37
1859,2,3,16,27,29,39,32
1858,1,7,19,27,36,45,15
1857,1,10,13,22,34,44,21
1856,4,13,19,26,31,37,39
1855,6,7,24,32,39,47,3
1854,3,13,16,17,47,50,11
1853,1,14,29,42,44,45,28
1852,15,22,24,32,33,44,40
1851,14,16,21,31,42,46,36
1850,5,10,18,30,32,47,40
1849,1,4,7,29,31,49,30
1848,5,9,13,28,34,39,18
1847,7,8,29,42,47,48,3
1846,2,11,22,28,41,48,12
1845,11,17,24,38,46,50,36
1844,3,5,12,33,37,45,41
1843,2,22,29,33,34,36,39
1842,16,21,27,29,36,49,6
1841,3,8,17,27,33,36,32
1840,12,16,21,31,39,45,30
1839,4,19,25,39,42,46,45
1838,4,6,19,20,30,37,14
1837,26,28,29,32,45,49,48
1836,5,11,17,23,30,36,29
1835,1,3,8,11,22,40,33
1834,10,11,14,17,22,51,47
1833,15,28,39,40,43,46,49
1832,2,3,28,32,36,42,14
1831,1,2,3,6,32,39,7
1830,22,23,24,34,38,46,27
1829,12,16,19,24,32,50,13
1828,3,11,12,18,29,39,31
1827,16,18,24,32,33,42,43
1826,21,22,31,36,37,43,19
1825,8,17,29,37,45,46,16
1824,13,15,27,32,36,46,11
1823,4,13,28,42,46,49,8
1822,1,6,11,13,18,43,50
1821,3,7,28,29,43,51,23
1820,35,36,39,41,42,50,11
1819,7,14,15,35,39,51,2
1818,5,10,13,26,29,41,24
1817,16,32,33,36,43,45,5
1816,15,18,31,34,41,47,36
1815,1,4,19,25,32,50,44
1814,2,13,19,37,38,47,20
1813,6,24,31,36,43,51,21
1812,10,17,21,50,54,56,37
1811,17,18,19,24,37,53,50
1810,7,8,26,27,53,56,20
1809,9,10,24,32,35,55,34
1808,4,9,27,31,33,40,45
1807,15,17,38,41,46,54,21
1806,10,19,20,23,31,44,38
1805,1,5,10,13,31,54,46
1804,9,37,38,42,50,56,6
1803,6,27,37,41,50,53,18
1802,8,16,24,42,46,50,28
1801,11,28,29,31,49,54,19
1800,19,27,29,35,37,44,24
1799,2,3,32,40,43,47,11
1798,4,6,13,20,21,47,53
1797,9,13,34,46,54,56,35
1796,24,28,35,40,42,50,25
1795,1,3,27,37,44,52,14
1794,5,6,19,38,42,44,29
1793,22,26,43,49,53,55,48
1792,2,9,13,37,46,52,26
1791,6,10,12,35,39,53,55
1790,8,18,24,31,39,43,37
1789,7,17,32,33,34,51,38
1788,5,15,21,28,43,50,40
1787,3,23,25,26,33,34,4
1786,7,9,10,38,41,56,37
1785,23,27,29,32,37,48,13
1784,9,17,28,36,45,51,43
1783,30,32,33,40,41,52,3
1782,12,21,22,26,41,50,40
1781,2,6,13,35,43,52,16
1780,24,35,37,47,54,55,30
1779,12,18,45,49,50,53,9
1778,10,13,25,35,37,41,42
1777,5,19,23,27,36,51,39
1776,9,13,17,25,37,43,1
1775,5,20,22,25,42,56,15
1774,9,13,24,32,39,55,37
1773,8,12,15,17,43,50,52
1772,2,13,27,33,35,36,19
1771,3,8,12,17,23,32,56
1770,16,19,22,24,29,51,38
1769,3,27,33,34,36,42,22
1768,15,16,25,29,47,52,53
1767,10,11,12,29,47,50,54
1766,3,23,26,41,47,50,48
1765,12,21,31,35,46,55,5
1764,26,29,34,35,39,50,32
1763,7,29,33,37,52,55,10
1762,3,4,12,13,19,28,10
1761,11,19,25,44,50,53,32
1760,10,13,16,27,29,32,24
1759,3,5,22,34,40,47,16
1758,5,14,20,29,34,54,55
1757,14,19,21,30,46,52,24
1756,4,7,15,19,43,52,40
1755,4,17,34,47,48,51,31
1754,5,8,11,12,48,56,10
1753,8,14,37,39,41,49,26
1752,2,8,14,16,19,22,43
1751,8,15,28,30,31,45,38
1750,4,36,38,43,45,55,52
1749,6,11,14,24,32,44,21
1748,1,3,18,21,25,29,36
1747,1,4,21,33,39,53,44
1746,6,10,14,22,32,54,43
1745,10,36,46,47,51,53,3
1744,24,29,31,42,43,55,51
1743,10,15,23,33,44,53,51
1742,11,16,34,38,48,50,27
1741,15,17,31,40,45,49,46
1740,1,6,20,21,26,41,38
1739,14,16,25,29,51,54,45
1738,4,8,9,10,34,41,53
1737,8,19,24,30,33,47,28
1736,3,15,17,23,38,49,44
1735,4,12,16,18,19,55,50
1734,5,8,18,30,32,33,7
1733,5,7,25,34,41,46,39
1732,2,4,13,17,26,29,44
1731,2,6,29,38,47,54,48
1730,12,14,26,27,30,49,32
1729,15,16,27,28,36,52,2
1728,7,15,19,26,46,49,48
1727,1,13,18,37,39,55,11
1726,7,19,33,37,38,50,40
1725,4,12,20,24,26,30,29
1724,1,2,9,37,38,45,10
1723,7,8,15,20,28,40,17
1722,8,16,19,27,31,43,28
1721,1,12,21,22,37,52,6
1720,7,18,19,31,41,52,48
1719,25,36,45,47,49,52,18
1718,9,14,25,35,45,52,48
1717,1,3,4,33,43,55,24
1716,7,8,18,27,33,52,34
1715,14,25,26,27,49,52,41
1714,10,39,42,45,50,56,26
1713,4,17,35,44,46,47,27
1712,11,12,13,14,17,46,34
1711,2,10,14,29,41,49,38
1710,1,8,9,12,28,36,53
1709,8,23,27,32,38,46,24
1708,6,29,44,46,47,51,38
1707,1,2,28,34,46,51,47
1706,3,12,16,23,47,51,37
1705,3,19,37,46,51,53,11
1704,6,15,38,40,52,56,49
1703,10,19,32,34,44,53,5
1702,14,19,48,51,52,55,34
1701,7,12,26,27,40,44,52
1700,13,14,23,24,34,53,21
1699,13,14,19,36,37,47,33
1698,10,14,41,42,47,55,56
1697,2,25,42,44,47,49,24
1696,8,17,22,36,39,41,50
1695,4,19,23,24,30,39,33
1694,13,16,20,25,28,38,48
1693,9,15,16,39,41,48,26
1692,9,21,22,24,37,38,10
1691,1,5,8,28,40,50,54
1690,2,23,43,46,49,52,40
1689,6,19,21,25,30,47,16
1688,7,20,21,35,45,47,24
1687,5,16,25,35,42,47,19
1686,29,33,34,41,52,54,48
1685,10,19,26,45,50,51,21
1684,16,26,44,46,52,56,45
1683,9,13,36,37,51,55,4
1682,9,13,19,25,40,51,26
1681,3,14,15,19,47,48,13
1680,1,9,11,27,43,55,5
1679,25,35,46,49,50,56,28
1678,8,11,12,21,37,39,6
1677,12,24,28,30,44,46,40
1676,13,20,28,40,48,50,3
1675,3,6,13,32,35,54,53
1674,4,9,19,20,36,52,13
1673,2,27,29,33,44,48,51
1672,3,11,18,34,42,43,52
1671,5,13,25,26,41,46,18
1670,15,16,17,21,31,39,44
1669,17,18,25,27,38,48,26
1668,9,13,26,35,42,53,40
1667,13,16,18,43,46,49,14
1666,5,38,39,42,50,53,9
1665,9,17,21,35,43,52,49
1664,3,9,11,30,41,47,22
1663,2,13,14,19,42,51,47
1662,13,14,16,23,25,49,47
1661,6,10,12,29,38,50,30
1660,5,12,13,37,47,56,19
1659,2,16,30,33,47,48,19
1658,10,13,22,42,43,49,9
1657,2,12,23,33,46,55,42
1656,10,12,18,42,43,48,53
1655,3,11,17,33,42,55,48
1654,1,8,14,31,32,38,35
1653,6,10,21,28,37,55,29
1652,16,17,20,22,24,44,15
1651,19,21,48,50,51,56,35
1650,8,17,21,25,35,39,28
1649,18,21,32,34,48,53,45
1648,11,15,30,41,45,50,6
1647,7,10,15,36,42,53,32
1646,6,16,22,42,44,46,26
1645,6,12,33,43,48,53,47
1644,1,8,30,45,48,52,11
1643,3,17,24,25,34,39,18
1642,13,31,37,40,43,51,30
1641,17,31,33,52,54,55,15
1640,21,23,37,47,51,56,32
1639,23,30,33,41,43,56,4
1638,35,44,45,50,55,56,30
1637,21,27,31,48,49,55,35
1636,2,9,11,32,40,49,13
1635,4,16,36,40,41,43,17
1634,3,5,23,38,55,56,28
1633,15,20,29,42,47,52,51
1632,5,9,14,34,47,53,54
1631,4,7,18,31,47,52,42
1630,15,16,18,28,48,51,21
1629,3,10,21,25,31,48,26
1628,4,14,25,34,36,55,49
1627,10,25,27,29,43,56,4
1626,8,13,27,41,52,55,33
1625,14,24,27,28,38,54,23
1624,18,27,40,42,53,54,39
1623,7,15,28,34,39,48,18
1622,6,10,17,21,45,54,42
1621,1,6,23,27,42,54,14
1620,7,8,9,14,21,37,11
1619,1,5,8,16,21,54,53
1618,11,19,29,39,43,45,21
1617,4,10,12,14,36,53,7
1616,11,16,44,45,54,55,6
1615,14,15,30,43,50,56,28
1614,3,14,19,26,30,40,51
1613,4,12,34,43,49,53,18
1612,9,15,19,33,43,51,45
1611,14,26,36,42,46,51,28
1610,3,7,8,12,45,48,34
1609,3,15,34,43,48,54,6
1608,5,10,22,25,42,50,29
1607,13,24,29,32,37,39,28
1606,2,12,21,28,33,54,43
1605,7,10,19,30,34,56,54
1604,2,3,11,20,35,53,25
1603,17,24,31,34,38,40,8
1602,5,8,14,17,30,47,54
1601,8,12,33,38,40,44,19
1600,5,12,27,34,39,44,16
1599,1,10,11,20,40,51,34
1598,3,8,24,25,37,43,14
1597,5,15,16,23,39,52,33
1596,1,9,11,23,32,51,38
1595,16,32,33,36,37,38,19
1594,7,15,41,45,48,55,33
1593,13,24,26,36,47,48,15
1592,12,22,28,34,35,44,8
1591,19,22,35,39,46,53,54
1590,9,16,25,36,49,56,45
1589,14,16,22,23,41,54,44
1588,9,15,36,49,51,55,45
1587,6,11,17,24,39,46,40
1586,5,7,13,30,41,52,27
1585,3,6,20,26,34,56,16
1584,2,8,17,19,33,35,34
1583,23,29,32,40,47,52,17
1582,6,9,27,43,44,55,28
1581,2,7,27,29,30,50,23
1580,12,22,24,34,49,56,52
1579,7,14,24,34,44,51,38
1578,16,26,27,32,45,46,40
1577,5,17,24,28,29,32,31
1576,2,26,27,47,52,56,11
1575,5,7,16,39,47,55,33
1574,11,12,17,47,54,55,2
1573,1,16,22,48,54,56,25
1572,1,11,21,28,44,48,27
1571,8,20,23,36,40,52,28
1570,9,19,20,26,39,47,12
1569,3,4,13,14,23,27,30
1568,21,22,27,38,49,56,34
1567,9,19,22,38,41,48,2
1566,4,13,20,22,29,48,45
1565,4,15,29,39,42,44,9
1564,16,24,37,39,40,42,34
1563,2,27,36,47,50,56,11
1562,2,19,26,41,42,51,5
1561,5,7,47,48,49,54,52
1560,16,19,21,33,40,44,36
1559,1,3,25,26,42,53,18
1558,5,6,8,25,26,36,46
1557,19,25,36,37,41,50,47
1556,6,12,17,30,36,39,24
1555,18,22,27,34,49,56,39
1554,3,28,29,33,49,51,47
1553,2,4,23,36,52,55,26
1552,6,16,50,52,54,56,20
1551,8,9,20,38,42,53,50
1550,3,5,10,12,18,33,36
1549,5,10,30,35,36,38,52
1548,12,19,23,31,43,52,44
1547,1,23,27,35,47,49,34
1546,3,15,19,26,30,43,41
1545,11,20,28,36,52,56,55
1544,7,10,15,33,42,55,5
1543,10,11,33,35,38,46,9
1542,11,13,22,39,54,55,49
1541,3,17,34,42,50,56,18
1540,2,19,27,34,42,56,51
1539,22,26,38,52,55,56,53
1538,15,31,40,53,55,56,37
1537,6,7,18,34,42,52,43
1536,3,18,32,44,45,48,9
1535,1,10,14,27,44,56,49
1534,15,18,27,42,50,51,41
1533,8,16,29,41,45,55,44
1532,22,25,37,40,41,45,51
1531,3,21,23,24,30,55,44
1530,2,16,36,52,53,55,28
1529,6,11,22,40,46,50,20
1528,4,12,29,38,45,46,5
1527,8,12,32,33,42,48,54
1526,8,14,20,24,35,36,56
1525,2,4,14,15,45,47,34
1524,3,23,25,32,35,45,37
1523,14,20,24,28,30,34,3
1522,2,4,13,41,46,55,30
1521,1,5,12,16,20,39,32
1520,10,16,21,23,44,49,39
1519,13,39,44,45,46,52,32
1518,10,12,24,29,31,36,56
1517,6,17,19,21,25,40,28
1516,2,6,15,16,28,29,31
1515,13,20,35,40,41,43,56
1514,5,17,23,30,41,47,54
1513,6,20,25,39,44,56,40
1512,6,7,15,22,45,54,24
1511,11,25,30,44,48,49,50
1510,1,21,27,28,32,55,26
1509,11,16,20,25,41,47,28
1508,8,11,26,38,44,45,32
1507,3,10,16,41,50,54,27
1506,12,22,29,37,39,51,20
1505,16,19,20,22,26,47,4
1504,4,5,8,35,38,45,2
1503,9,14,17,33,41,42,4
1502,15,18,20,21,29,32,14
1501,5,6,14,19,25,43,37
1500,6,15,30,31,38,44,54
1499,3,11,20,25,46,53,17
1498,12,17,19,24,31,35,11
1497,7,17,23,37,43,53,24
1496,1,21,35,37,47,49,48
1495,10,23,24,28,33,55,46
1494,13,17,25,32,45,48,56
1493,19,21,32,40,50,51,36
1492,6,12,15,28,30,46,26
1491,5,28,32,42,52,54,49
1490,3,5,6,14,19,45,34
1489,1,26,27,28,45,54,35
1488,5,27,32,35,38,56,18
1487,12,25,45,50,55,56,44
1486,13,37,52,54,55,56,6
1485,15,21,27,37,44,49,55
1484,12,15,39,54,55,56,32
1483,3,6,9,23,28,52,44
1482,9,22,28,52,55,56,54
1481,10,11,14,32,35,49,8
1480,20,23,36,41,51,55,11
1479,17,21,24,35,42,51,1
1478,1,8,11,16,20,52,23
1477,1,8,15,18,34,52,16
1476,2,4,12,13,27,32,30
1475,12,14,16,17,22,33,20
1474,2,14,17,28,30,54,16
1473,5,12,19,21,51,54,43
1472,12,22,23,31,45,47,4
1471,16,19,29,36,37,45,3
1470,2,22,25,35,43,47,49
1469,9,10,29,37,39,56,11
1468,1,4,32,35,39,55,45
1467,13,20,38,49,52,56,7
1466,1,12,18,20,38,41,49
1465,5,6,7,18,20,25,39
1464,4,10,13,25,26,39,33
1463,1,18,24,32,38,56,46
1462,1,5,10,13,18,39,51
1461,13,14,25,38,41,50,26
1460,4,7,12,17,42,45,23
1459,21,30,36,41,42,50,32
1458,9,29,49,50,52,56,37
1457,1,2,7,30,41,55,49
1456,8,14,20,37,45,53,51
1455,17,29,40,41,47,53,25
1454,30,35,38,41,44,51,56
1453,4,7,9,11,22,48,32
1452,2,19,23,34,38,40,28
1451,4,5,17,19,42,48,2
1450,20,24,28,49,51,53,48
1449,4,12,17,18,20,36,2
1448,8,16,18,26,29,35,36
1447,10,20,26,46,49,55,19
1446,6,7,12,32,45,49,44
1445,20,31,36,39,54,56,48
1444,9,28,30,35,42,48,56
1443,4,20,44,45,50,56,15
1442,1,31,40,45,46,55,2
1441,5,6,9,46,54,56,38
1440,1,14,20,39,43,54,29
1439,9,15,21,27,42,51,23
1438,24,35,42,45,48,52,51
1437,9,16,27,29,43,44,36
1436,3,7,21,24,31,49,35
1435,5,10,11,29,41,55,30
1434,1,32,43,44,52,55,22
1433,3,10,11,38,49,52,48
1432,5,21,22,36,37,47,39
1431,5,33,49,50,53,54,44
1430,13,20,22,23,33,48,7
1429,23,31,37,50,51,53,30
1428,4,5,12,14,44,53,28
1427,5,8,25,40,42,49,9
1426,14,20,36,37,44,51,1
1425,18,19,36,47,50,51,53
1424,16,33,34,44,46,47,45
1423,9,21,26,33,45,48,52
1422,14,20,39,43,45,52,40
1421,5,38,43,47,54,56,45
1420,9,13,28,34,36,48,43
1419,7,21,32,33,46,55,13
1418,12,16,22,46,52,55,49
1417,4,9,11,14,42,52,2
1416,4,13,31,40,49,51,52
1415,4,8,26,28,41,55,10
1414,5,10,20,21,32,44,6
1413,10,15,18,19,37,55,1
1412,5,12,15,25,26,27,44
1411,9,14,17,19,41,44,26
1410,3,7,36,50,52,56,40
1409,8,14,22,31,46,56,42
1408,8,11,12,15,43,48,29
1407,10,16,21,24,28,42,47
1406,2,9,16,26,50,56,11
1405,3,8,18,22,23,42,53
1404,6,34,40,49,52,53,12
1403,1,4,12,16,30,31,11
1402,9,12,44,50,52,53,47
1401,4,9,11,20,24,28,33
1400,1,3,20,34,49,55,53
1399,13,33,37,39,40,51,9
1398,2,12,28,41,44,45,49
1397,7,19,24,25,29,33,48
1396,1,16,49,53,54,55,27
1395,1,2,7,13,15,46,5
1394,13,30,38,40,43,49,9
1393,14,20,26,39,40,56,17
1392,7,14,25,26,29,47,23
1391,3,8,23,39,46,51,22
1390,5,7,18,19,40,55,39
1389,12,18,41,46,51,54,4
1388,9,17,21,41,47,51,31
1387,14,19,32,42,47,48,5
1386,3,4,14,24,32,40,28
1385,3,4,16,33,39,40,54
1384,12,23,29,32,36,48,53
1383,6,12,15,24,25,49,42
1382,4,8,21,26,27,51,38
1381,1,21,22,25,31,49,20
1380,15,28,29,31,36,41,35
1379,4,15,27,41,51,55,45
1378,1,5,14,33,47,51,12
1377,11,12,17,35,36,50,51
1376,6,19,29,39,42,48,51
1375,5,9,11,37,42,48,10
1374,20,22,23,34,42,51,33
1373,5,7,15,18,34,43,11
1372,1,12,13,27,44,50,46
1371,7,11,19,32,37,38,14
1370,2,8,21,32,49,53,50
1369,4,17,30,45,49,54,40
1368,2,26,27,36,39,43,29
1367,1,2,19,21,34,37,45
1366,9,23,28,34,43,53,19
1365,15,22,26,27,36,46,25
1364,9,13,16,22,34,51,17
1363,9,12,18,23,24,38,19
1362,6,12,13,26,35,40,22
1361,3,18,21,42,43,48,22
1360,18,21,26,35,36,50,44
1359,4,18,45,46,48,50,53
1358,31,35,43,45,47,53,41
1357,2,9,12,19,21,52,55
1356,1,5,13,22,30,55,47
1355,2,13,40,42,45,53,27
1354,9,20,24,26,36,38,25
1353,3,14,21,23,48,56,54
1352,9,16,21,31,39,53,43
1351,4,18,19,30,45,56,51
1350,4,5,7,10,30,54,46
1349,15,39,41,42,49,54,13
1348,5,21,32,33,40,52,2
1347,2,13,38,43,53,54,21
1346,20,24,40,43,48,55,41
1345,8,11,14,35,44,56,36
1344,6,7,12,22,39,52,49
1343,8,28,29,40,44,51,22
1342,14,26,29,38,41,49,12
1341,11,12,20,25,52,54,30
1340,3,8,32,46,49,51,26
1339,1,4,14,26,42,54,39
1338,9,12,42,47,51,56,22
1337,15,17,38,46,48,54,49
1336,4,22,35,37,46,50,36
1335,5,7,9,23,36,56,4
1334,3,7,13,20,44,46,2
1333,1,19,29,46,47,55,5
1332,7,11,21,32,37,53,31
1331,18,21,39,41,44,45,10
1330,11,19,23,46,55,56,43
1329,1,5,17,21,27,37,39
1328,2,26,45,50,51,56,53
1327,14,26,33,35,39,49,25
1326,7,10,16,30,40,44,38
1325,3,21,23,27,41,49,53
1324,8,10,25,27,36,56,7
1323,2,20,22,35,41,42,45
1322,16,20,22,32,38,52,50
1321,24,26,40,45,49,54,8
1320,10,20,28,33,34,47,48
1319,2,13,22,31,41,51,43
1318,12,13,29,32,33,35,37
1317,10,17,28,33,48,53,3
1316,2,17,18,21,27,54,52
1315,11,14,23,28,44,49,10
1314,10,11,16,18,33,47,41
1313,7,9,23,25,29,33,34
1312,2,7,14,24,42,52,27
1311,5,8,26,34,53,54,52
1310,5,14,18,23,34,39,26
1309,5,15,24,29,37,53,51
1308,7,9,18,25,26,46,44
1307,16,21,30,32,33,47,40
1306,2,10,18,19,26,53,33
1305,1,16,18,20,39,48,7
1304,3,14,36,48,53,54,22
1303,10,20,26,50,55,56,35
1302,8,23,26,49,50,56,39
1301,1,13,20,29,32,48,17
1300,6,11,19,42,53,55,45
1299,1,5,15,20,43,45,39
1298,1,15,35,36,40,49,18
1297,10,26,32,35,54,56,38
1296,4,23,25,40,44,48,10
1295,12,18,33,41,45,56,8
1294,2,13,22,31,33,43,29
1293,9,14,30,41,43,54,20
1292,2,19,21,22,26,42,23
1291,12,21,31,38,40,51,46
1290,17,26,45,48,50,54,1
1289,24,35,43,46,49,53,40
1288,12,14,17,23,26,46,11
1287,16,27,39,47,49,53,37
1286,7,28,51,53,54,55,49
1285,2,7,20,25,30,39,47
1284,16,22,37,41,46,55,15
1283,3,21,29,33,51,55,43
1282,18,19,32,36,39,43,20
1281,13,19,33,43,47,53,4
1280,29,33,39,43,48,56,49
1279,11,19,21,22,42,47,45
1278,18,20,25,30,40,50,56
1277,4,13,18,36,38,49,51
1276,2,12,13,15,17,52,55
1275,2,6,15,24,36,54,8
1274,28,35,44,46,47,51,15
1273,5,8,17,32,52,56,29
1272,2,7,11,20,38,56,17
1271,3,18,27,35,42,54,22
1270,2,10,15,31,42,43,33
1269,4,7,18,24,48,49,28
1268,3,21,28,43,46,48,41
1267,26,28,36,38,47,49,22
1266,5,8,15,16,29,30,43
1265,7,14,17,19,42,52,3
1264,7,10,12,29,42,50,22
1263,24,43,46,47,48,52,21
1262,2,8,14,23,30,39,44
1261,3,23,27,34,38,47,4
1260,8,11,13,21,52,56,28
1259,17,21,22,26,41,53,3
1258,4,6,15,18,27,33,51
1257,2,7,8,22,26,54,55
1256,19,25,26,44,50,54,20
1255,3,22,24,33,38,39,56
1254,3,6,18,38,40,43,45
1253,1,2,9,17,35,56,36
1252,22,23,31,36,46,56,54
1251,11,21,35,38,41,45,12
1250,2,4,13,25,28,40,5
1249,16,17,25,39,49,55,12
1248,1,18,26,27,44,54,5
1247,5,20,35,46,50,53,51
1246,1,22,29,34,40,43,4
1245,23,25,35,43,47,56,31
1244,3,25,27,33,36,41,56
1243,2,3,5,28,41,49,13
1242,35,43,45,46,49,53,37
1241,3,5,14,24,48,53,44
1240,2,27,37,41,46,55,52
1239,13,22,24,33,44,49,39
1238,5,10,26,28,35,49,41
1237,16,26,30,32,42,43,36
1236,3,4,6,27,39,48,37
1235,22,23,28,35,51,52,4
1234,4,12,26,34,49,53,11
1233,12,25,30,35,43,45,21
1232,2,3,34,36,48,55,56
1231,13,25,31,44,47,49,40
1230,17,32,42,44,47,49,23
1229,2,14,26,31,37,48,41
1228,12,17,35,44,49,53,54
1227,8,20,32,43,51,53,55
1226,13,17,18,35,53,56,25
1225,4,5,19,40,45,50,52
1224,11,13,22,27,31,34,25
1223,14,22,26,28,43,54,49
1222,6,12,20,26,34,40,27
1221,2,15,17,25,33,43,28
1220,2,5,19,20,35,52,45
1219,4,6,14,17,34,39,24
1218,3,6,21,22,39,43,16
1217,6,22,26,30,35,55,47
1216,12,18,19,39,43,48,51
1215,4,11,21,31,42,43,7
1214,5,8,10,24,37,55,14
1213,10,14,16,31,33,46,15
1212,4,9,25,32,38,40,49
1211,6,8,20,23,39,47,40
1210,5,8,9,17,29,50,23
1209,10,21,33,44,50,53,5
1208,7,8,10,29,46,55,1
1207,12,32,34,45,46,51,26
1206,5,10,15,16,21,30,49
1205,16,36,37,52,55,56,47
1204,20,22,30,33,45,49,10
1203,1,21,23,30,46,47,5
1202,7,13,19,27,50,54,28
1201,9,23,26,28,37,54,20
1200,5,16,22,26,31,41,11
1199,8,9,23,37,48,53,11
1198,3,4,18,20,26,28,10
1197,4,19,24,39,49,55,36
1196,4,13,22,34,37,39,44
1195,4,9,20,25,28,37,29
1194,8,9,12,30,43,51,29
1193,4,5,30,43,45,51,29
1192,2,10,25,30,32,56,50
1191,10,29,32,42,43,47,8
1190,7,13,23,37,48,49,53
1189,2,7,12,35,51,54,13
1188,5,15,24,25,37,39,49
1187,4,5,22,28,31,37,30
1186,6,13,17,20,31,50,9
1185,8,16,18,46,52,55,22
1184,7,26,31,44,45,53,51
1183,5,13,20,32,36,56,25
1182,9,10,30,35,41,48,29
1181,24,30,40,41,55,56,3
1180,5,6,7,25,33,50,51
1179,1,5,28,48,49,55,22
1178,7,10,13,23,34,44,51
1177,13,15,19,33,49,53,26
1176,6,13,27,32,47,52,18
1175,7,14,23,26,43,49,12
1174,2,9,15,16,21,42,24
1173,5,16,30,31,38,52,35
1172,7,9,29,44,48,55,23
1171,5,7,8,23,26,55,50
1170,2,3,7,26,30,48,53
1169,3,6,19,28,48,52,13
1168,10,15,23,24,36,49,29
1167,2,7,10,27,34,54,32
1166,13,18,26,30,31,53,37
1165,7,24,27,39,45,52,12
1164,16,19,23,29,33,49,36
1163,4,6,20,21,45,55,38
1162,5,16,17,24,41,47,36
1161,28,31,32,44,51,52,20
1160,1,4,20,21,24,34,22
1159,10,26,40,44,50,54,6
1158,1,2,4,31,32,46,11
1157,1,9,12,19,31,34,21
1156,1,13,19,29,41,46,50
1155,7,11,26,38,39,56,14
1154,34,44,45,51,52,56,53
1153,2,14,27,42,46,50,21
1152,8,11,14,36,49,55,15
1151,6,19,23,25,28,42,47
1150,10,22,29,30,32,33,51
1149,15,17,19,22,31,53,10
1148,8,16,21,39,50,52,4
1147,11,18,31,35,39,42,34
1146,4,20,29,31,44,48,49
1145,5,6,33,34,46,55,38
1144,6,18,36,48,50,52,28
1143,12,20,33,46,50,51,54
1142,12,15,31,50,54,55,11
1141,4,11,12,40,45,51,55
1140,4,8,15,36,39,45,28
1139,14,33,41,43,52,56,38
1138,1,6,15,22,34,39,21
1137,10,23,29,45,53,56,54
1136,2,14,21,28,36,49,47
1135,4,15,16,34,44,56,2
1134,2,4,26,27,28,44,16
1133,5,7,44,51,53,54,28
1132,6,11,27,33,41,56,53
1131,14,18,50,51,52,56,5
1130,5,13,15,40,54,55,23
1129,5,26,30,34,37,56,23
1128,9,18,40,42,48,52,36
1127,12,25,31,36,46,54,9
1126,2,6,30,34,37,43,55
1125,5,8,26,32,37,39,23
1124,11,18,21,31,36,49,51
1123,1,3,12,22,35,55,44
1122,13,21,37,42,43,48,14
1121,1,5,6,8,30,46,17
1120,10,14,16,17,27,49,52
1119,1,3,16,19,20,28,23
1118,18,24,31,39,47,51,2
1117,3,29,30,38,42,50,44
1116,2,13,21,35,41,49,47
1115,4,15,16,30,44,50,43
1114,3,5,19,24,28,30,15
1113,3,6,40,41,47,48,49
1112,7,17,40,48,53,56,35
1111,33,35,47,52,53,56,3
1110,4,8,11,37,41,43,18
1109,8,13,18,22,40,54,41
1108,6,12,40,43,51,56,26
1107,7,8,20,37,39,45,48
1106,8,20,26,27,42,44,11
1105,2,17,39,48,53,56,15
1104,4,5,16,29,39,55,21
1103,8,14,20,42,43,55,44
1102,13,14,16,28,50,51,21
1101,8,15,35,37,41,48,26
1100,19,26,37,50,53,54,48
1099,11,22,25,29,37,55,41
1098,8,12,19,21,22,43,49
1097,3,10,14,28,48,56,27
1096,1,13,21,22,33,45,19
1095,11,12,17,29,30,34,38
1094,8,9,14,28,33,56,12
1093,10,17,20,31,50,51,3
1092,20,32,33,34,50,56,4
1091,6,30,34,46,50,52,32
1090,2,29,30,36,44,51,32
1089,28,30,32,34,42,43,46
1088,2,8,16,23,42,48,15
1087,9,17,22,26,49,56,1
1086,17,19,22,23,36,38,49
1085,3,6,22,38,40,56,12
1084,7,21,33,35,43,55,51
1083,12,31,37,44,52,55,25
1082,2,5,18,30,44,53,33
1081,6,16,21,32,43,56,9
1080,9,13,29,33,39,51,37
1079,12,22,36,43,46,52,35
1078,11,21,33,43,54,55,38
1077,8,17,19,36,37,41,55
1076,8,17,20,38,54,56,2
1075,9,14,35,46,49,55,11
1074,1,5,17,25,35,55,43
1073,4,15,18,30,38,49,53
1072,1,15,26,40,45,46,28
1071,5,12,22,41,44,47,26
1070,3,6,14,28,30,39,31
1069,24,27,40,41,54,55,26
1068,1,10,12,32,36,48,20
1067,6,17,27,32,34,40,20
1066,1,2,13,27,29,34,42
1065,3,6,11,24,31,51,47
1064,3,6,25,45,46,48,43
1063,8,9,11,20,22,40,48
1062,3,10,19,34,44,54,2
1061,4,25,31,44,49,56,21
1060,6,8,29,47,48,50,22
1059,4,5,25,35,48,53,22
1058,17,22,24,31,43,50,12
1057,11,17,19,24,43,49,15
1056,8,11,22,23,38,41,49
1055,9,18,28,29,41,50,32
1054,8,34,43,49,54,55,27
1053,22,33,40,41,42,48,23
1052,3,31,39,43,44,50,19
1051,3,7,17,38,39,50,51
1050,24,25,26,32,39,47,19
1049,5,6,14,15,31,46,32
1048,4,10,40,42,45,46,30
1047,7,18,23,31,35,36,32
1046,4,8,10,18,46,56,29
1045,6,15,20,24,37,51,16
1044,2,11,16,24,31,37,21
1043,10,28,33,37,46,52,23
1042,24,29,42,44,52,53,10
1041,9,14,22,35,37,47,46
1040,5,7,29,36,38,41,46
1039,11,12,18,40,53,56,43
1038,21,25,27,36,47,54,34
1037,7,23,25,29,33,50,28
1036,3,4,17,19,21,49,1
1035,7,8,23,34,47,52,37
1034,3,26,27,38,44,56,50
1033,1,10,11,33,37,47,16
1032,2,20,31,35,48,53,18
1031,14,33,42,45,51,55,50
1030,16,24,32,36,51,52,19
1029,4,10,12,22,32,51,29
1028,1,4,11,17,44,52,42
1027,3,6,23,25,34,35,15
1026,2,4,16,38,50,52,54
1025,3,16,28,30,40,54,32
1024,1,17,20,29,35,51,49
1023,1,5,10,17,34,40,9
1022,6,9,27,32,37,44,17
1021,12,16,30,32,37,49,5
1020,19,22,41,48,51,55,39
1019,1,15,26,30,49,52,10
1018,11,12,17,32,36,54,51
1017,2,16,30,35,51,53,17
1016,1,11,20,27,39,41,45
1015,5,13,19,29,30,56,21
1014,23,25,29,33,46,49,40
1013,13,14,23,35,37,40,28
1012,3,16,20,28,40,55,54
1011,8,16,17,26,31,37,12
1010,15,22,27,28,30,31,50
1009,1,3,5,24,42,46,26
1008,2,22,28,32,33,51,9
1007,12,13,16,26,30,49,45
1006,16,19,30,38,40,49,6
1005,9,10,15,41,46,49,43
1004,4,8,24,25,26,37,27
1003,10,18,25,33,38,49,1
1002,13,18,30,33,36,51,37
1001,2,13,18,20,21,52,46
1000,2,8,9,25,46,52,53
999,5,16,25,27,35,45,42
998,7,20,23,24,27,42,16
997,3,15,20,36,40,56,35
996,4,27,41,45,48,54,51
995,5,15,28,37,46,49,8
994,1,15,17,25,37,45,9
993,5,13,23,33,44,56,53
992,3,4,7,30,45,52,6
991,4,7,21,25,48,49,1
990,4,8,24,37,43,51,5
989,8,17,20,28,29,55,3
988,3,6,12,30,48,55,24
987,3,12,16,25,32,35,22
986,7,12,29,34,35,39,1
985,3,10,12,18,33,46,31
984,17,22,48,49,50,53,37
983,4,12,16,18,46,52,31
982,9,27,36,38,41,52,23
981,1,7,33,35,48,52,44
980,4,13,21,40,46,47,48
979,1,12,19,21,40,44,17
978,2,3,4,21,25,39,32
977,11,20,29,32,37,40,56
976,3,26,35,38,50,55,20
975,9,14,18,28,40,45,50
974,4,11,29,38,40,46,2
973,3,6,18,32,46,54,25
972,2,6,20,30,33,37,49
971,1,9,12,16,24,47,46
970,12,30,42,43,49,53,45
969,14,17,18,39,43,53,1
968,5,21,37,40,46,56,31
967,14,35,42,43,49,50,31
966,3,4,18,31,41,43,9
965,7,11,14,45,47,54,12
964,31,45,46,50,51,52,54
963,13,18,20,29,40,56,23
962,5,14,19,33,46,49,22
961,18,24,47,48,50,56,8
960,10,24,27,38,40,48,54
959,6,27,31,42,45,52,9
958,10,13,16,23,26,50,43
957,3,5,19,20,27,54,1
956,13,16,23,26,34,37,25
955,5,6,8,38,50,51,44
954,1,2,12,17,21,27,48
953,1,12,13,16,45,48,5
952,11,26,32,42,43,56,29
951,11,17,22,34,36,46,3
950,17,25,35,39,42,54,36
949,21,27,34,44,55,56,53
948,24,31,38,40,52,53,34
947,1,6,19,31,49,54,55
946,15,21,28,47,49,55,31
945,37,40,45,50,51,54,23
944,1,4,15,20,21,54,49
943,3,12,14,29,32,44,53
942,2,8,9,15,31,36,10
941,3,4,15,19,22,38,42
940,5,30,36,37,44,51,29
939,22,26,41,42,44,54,34
938,24,29,31,35,46,55,19
937,2,21,23,31,36,52,34
936,2,3,4,5,25,40,43
935,4,21,23,33,52,55,29
934,6,7,15,17,51,52,40
933,5,6,14,15,35,48,55
932,12,28,30,38,39,44,37
931,1,9,29,32,45,47,17
930,3,4,7,30,45,55,42
929,8,21,22,31,33,56,19
928,7,13,17,24,32,56,12
927,9,16,19,24,32,53,47
926,2,14,21,28,38,39,42
925,5,8,15,43,44,52,56
924,6,15,17,29,31,56,51
923,2,15,25,30,39,50,31
922,9,14,30,32,45,56,12
921,15,24,25,29,46,54,21
920,10,15,17,18,35,50,30
919,11,23,43,47,48,54,49
918,4,21,24,36,41,47,9
917,2,16,24,25,30,45,51
916,10,16,21,26,39,51,56
915,5,10,14,15,36,56,53
914,4,12,29,43,46,53,9
913,3,12,22,33,39,49,40
912,24,30,33,41,43,44,28
911,7,13,19,33,44,48,53
910,10,18,39,44,45,55,40
909,18,19,25,30,33,35,43
908,21,24,30,31,43,45,10
907,10,11,18,33,43,48,40
906,7,18,19,31,35,54,46
905,27,34,40,45,52,54,3
904,22,24,27,28,29,47,51
903,3,15,32,38,40,53,24
902,5,15,16,21,47,48,23
901,16,32,37,39,48,55,17
900,29,31,38,39,46,54,48
899,7,15,38,39,42,52,9
898,2,9,18,21,29,53,7
897,21,27,44,47,52,54,16
896,4,24,28,46,50,56,16
895,1,5,15,26,40,46,14
894,5,12,25,29,34,48,42
893,8,17,19,26,33,37,41
892,2,5,18,22,25,40,1
891,4,8,18,25,32,38,55
890,4,11,23,28,29,48,6
889,11,16,19,25,28,50,6
888,3,18,28,44,51,53,25
887,2,10,13,29,35,48,8
886,28,32,35,37,46,56,6
885,10,13,31,47,50,55,40
884,8,11,30,37,49,56,51
883,2,19,20,21,33,45,30
882,16,19,31,35,38,45,9
881,2,8,14,22,48,52,26
880,6,25,28,34,39,52,7
879,2,7,35,40,45,55,12
878,35,38,43,45,49,54,46
877,6,7,14,22,44,45,38
876,12,20,27,31,42,50,29
875,2,9,21,27,40,43,44
874,10,25,33,34,43,50,47
873,2,13,25,26,33,35,32
872,9,15,18,25,42,52,2
871,9,21,24,28,34,56,11
870,9,12,23,33,46,54,17
869,10,15,16,20,33,47,37
868,14,19,27,33,40,45,54
867,42,43,45,49,51,56,6
866,3,9,21,23,24,25,36
865,15,16,40,42,50,51,1
864,18,29,30,41,53,54,24
863,1,9,31,36,48,55,49
862,21,29,30,36,40,48,56
861,10,13,33,43,52,56,12
860,12,20,22,25,46,48,50
859,5,19,26,42,51,54,8
858,6,9,13,21,35,39,10
857,1,8,30,37,42,54,4
856,18,28,37,40,44,56,38
855,16,21,24,29,47,52,9
854,2,3,11,21,41,46,37
853,19,24,30,37,41,46,33
852,4,5,20,30,44,55,21
851,18,28,34,36,40,52,21
850,1,10,45,48,52,55,28
849,1,11,13,40,52,55,7
848,1,6,25,43,51,54,48
847,27,30,33,34,42,44,50
846,11,12,20,36,48,56,6
845,4,6,11,19,27,40,24
844,8,15,19,29,45,49,17
843,8,10,11,12,26,39,45
842,10,20,23,25,26,55,29
841,8,25,29,40,44,55,46
840,7,17,24,31,41,46,18
839,10,13,16,23,36,50,14
838,16,32,36,37,41,56,5
837,6,18,20,37,39,51,17
836,13,14,18,29,49,53,44
835,2,9,12,13,23,33,5
834,2,6,24,31,51,52,27
833,3,4,10,24,48,54,2
832,37,42,48,50,51,52,46
831,5,8,10,35,36,49,14
830,2,22,23,40,45,47,25
829,6,10,38,42,47,51,1
828,3,23,28,32,40,49,14
827,1,19,24,26,49,56,22
826,2,12,23,42,52,53,19
825,12,16,20,35,38,56,30
824,1,3,18,26,35,38,37
823,4,20,33,35,43,53,45
822,5,11,29,30,33,53,32
821,13,20,41,43,44,52,14
820,15,17,19,25,55,56,11
819,15,21,28,53,54,56,30
818,2,19,20,26,32,56,46
817,4,20,27,32,51,56,38
816,2,18,19,20,26,55,33
815,6,9,20,32,36,38,45
814,2,8,23,45,46,54,18
813,5,11,12,26,31,46,56
812,6,8,28,36,38,42,25
811,17,18,23,38,42,46,36
810,1,5,14,22,35,55,40
809,1,7,24,34,40,46,38
808,14,18,22,30,37,49,28
807,9,13,36,47,48,54,14
806,13,16,17,19,49,50,47
805,2,5,6,19,42,47,34
804,2,3,37,40,42,52,16
803,8,25,27,29,31,43,56
802,21,33,34,42,48,51,17
801,7,12,20,21,28,31,42
800,4,12,15,30,40,45,2
799,12,25,31,35,44,46,48
798,1,5,11,21,27,46,26
797,2,3,19,38,40,47,39
796,26,29,41,48,49,50,33
795,2,6,24,34,43,45,26
794,4,6,19,21,43,54,16
793,18,20,37,40,54,56,44
792,4,5,11,40,52,54,43
791,10,17,22,39,46,49,7
790,3,10,14,23,47,51,25
789,4,16,29,36,47,54,1
788,14,17,26,38,39,50,27
787,8,16,32,40,46,55,52
786,3,22,23,42,48,50,20
785,1,5,6,10,13,44,52
784,6,8,26,32,37,42,50
783,12,15,25,39,43,51,18
782,2,17,30,33,42,55,39
781,3,28,38,43,46,54,9
780,2,29,30,36,39,44,12
779,16,21,24,36,47,53,42
778,1,11,17,19,23,31,48
777,9,12,13,14,15,53,6
776,4,6,10,17,20,29,7
775,5,8,12,16,25,51,36
774,13,19,25,33,40,46,36
773,7,23,25,27,31,32,5
772,21,22,38,42,43,47,10
771,19,27,28,29,32,50,56
770,27,32,34,35,48,55,36
769,11,17,20,21,28,55,45
768,7,25,33,35,47,49,13
767,19,28,32,47,52,55,40
766,4,5,10,19,29,37,22
765,2,8,12,23,30,55,33
764,4,16,37,38,44,46,52
763,2,10,13,16,18,38,4
762,24,34,35,36,45,54,25
761,10,14,19,32,34,48,24
760,1,15,17,25,32,37,29
759,7,22,31,35,51,55,10
758,11,19,27,28,32,54,45
757,9,17,18,25,28,47,6
756,6,10,13,25,29,45,3
755,4,10,31,39,51,52,8
754,7,15,23,34,37,45,43
753,1,23,32,34,39,52,8
752,4,23,26,34,49,54,13
751,21,34,40,44,48,52,16
750,2,26,51,52,53,56,7
749,19,36,38,41,48,53,54
748,9,12,19,24,48,56,27
747,6,8,23,24,28,31,34
746,3,4,26,27,32,38,28
745,5,16,21,28,41,52,42
744,14,17,23,25,47,51,6
743,10,26,30,42,45,49,47
742,2,18,30,33,34,50,48
741,18,22,25,36,37,50,49
740,5,25,26,40,44,54,18
739,1,17,32,46,47,54,18
738,4,7,16,32,42,55,28
737,16,19,28,44,45,54,40
736,7,9,10,19,28,36,34
735,25,27,34,35,47,48,26
734,1,9,23,25,26,35,29
733,9,14,18,33,42,48,38
732,13,18,21,22,27,54,49
731,6,18,23,32,52,56,45
730,14,16,18,20,38,54,2
729,2,10,34,42,53,54,28
728,1,3,14,21,37,54,29
727,7,10,43,48,51,56,32
726,7,11,47,53,55,56,40
725,3,21,42,51,54,56,22
724,2,9,10,24,38,53,33
723,20,36,45,46,47,56,9
722,7,13,22,29,33,51,19
721,7,28,31,33,36,42,24
720,7,8,29,37,43,50,42
719,5,8,16,20,44,45,34
718,9,11,17,30,34,45,36
717,5,14,15,47,48,54,12
716,6,9,11,21,32,56,26
715,4,14,19,30,44,50,15
714,11,16,19,22,26,32,1
713,13,30,31,33,46,50,26
712,22,27,33,37,43,52,54
711,11,15,20,36,39,45,27
710,7,21,26,37,48,52,30
709,8,21,33,41,48,51,30
708,18,27,35,41,45,49,47
707,2,7,12,19,29,40,45
706,1,9,15,34,44,52,5
705,24,28,29,44,51,53,39
704,15,21,38,40,46,50,5
703,25,39,43,44,45,53,26
702,19,35,36,38,43,53,55
701,13,15,37,39,50,52,34
700,3,14,16,23,40,45,47
699,8,10,13,22,26,30,49
698,1,2,29,35,43,47,3
697,1,12,27,48,49,56,7
696,5,17,33,36,38,43,44
695,7,9,13,31,51,54,27
694,2,9,31,40,42,50,4
693,11,12,17,31,40,55,56
692,17,20,22,25,43,55,7
691,19,23,28,34,40,52,26
690,15,16,26,33,41,56,32
689,9,16,22,43,49,53,51
688,24,29,34,36,37,46,55
687,16,27,29,34,50,56,33
686,7,12,35,40,41,50,34
685,20,23,31,40,43,54,46
684,6,11,41,48,50,52,25
683,22,23,24,29,36,40,20
682,12,21,24,34,37,55,50
681,10,21,31,39,40,42,26
680,1,18,19,20,34,53,15
679,3,7,29,30,39,51,23
678,25,33,46,49,51,54,34
677,1,2,32,33,45,56,42
676,1,7,9,18,32,55,12
675,16,19,29,34,40,45,28
674,1,7,13,14,19,20,49
673,10,16,23,52,54,56,36
672,2,14,19,39,43,45,52
671,22,28,33,35,50,51,13
670,6,10,31,35,36,45,41
669,3,9,32,33,40,56,8
668,2,4,10,12,21,28,29
667,9,21,27,34,49,52,4
666,8,11,25,30,36,37,14
665,16,22,35,36,39,50,6
664,4,13,21,25,47,53,16
663,6,11,12,41,50,52,47
662,14,19,21,24,31,49,50
661,8,13,14,38,43,56,9
660,3,9,25,30,38,40,2
659,1,3,4,8,12,30,27
658,4,8,11,16,28,40,50
657,3,12,17,31,46,51,13
656,2,10,15,38,50,52,53
655,17,19,25,27,53,54,23
654,1,7,10,18,25,28,16
653,5,13,17,19,28,53,46
652,11,20,36,43,44,52,39
651,3,6,8,15,42,45,49
650,7,13,17,22,23,47,40
649,7,11,14,33,40,46,51
648,2,3,17,23,30,44,49
647,3,10,34,38,39,43,28
646,11,20,22,37,41,47,29
645,6,11,23,34,35,54,25
644,7,9,10,13,19,21,46
643,5,16,18,26,35,41,20
642,21,25,27,31,38,44,34
641,9,12,16,25,30,45,49
640,9,13,17,30,32,35,26
639,1,6,15,26,45,54,27
638,3,8,18,24,36,54,2
637,3,18,22,27,29,46,42
636,11,13,34,36,39,51,8
635,5,6,14,23,40,45,10
634,22,34,37,39,40,48,46
633,10,27,32,38,45,56,13
632,5,31,32,34,41,45,40
631,16,21,32,34,38,46,36
630,5,24,28,34,36,43,53
629,4,5,11,15,25,47,37
628,3,6,9,36,47,55,34
627,5,20,23,26,32,46,34
626,3,7,13,47,53,55,51
625,1,2,22,23,28,52,37
624,5,7,18,24,49,52,26
623,13,15,24,45,47,55,28
622,6,7,11,29,33,39,51
621,1,10,17,20,34,45,19
620,15,17,19,22,35,37,28
619,1,19,33,47,50,54,27
618,2,10,25,32,41,52,45
617,3,6,20,23,34,46,42
616,3,20,32,35,42,52,1
615,8,14,20,25,34,46,42
614,7,22,43,45,47,55,33
613,5,7,8,17,21,23,22
612,14,16,24,30,33,39,48
611,11,18,33,41,53,54,6
610,21,24,32,36,41,49,3
609,9,12,28,47,51,53,40
608,3,5,9,42,44,48,26
607,6,12,29,37,51,53,48
606,18,20,29,44,46,52,37
605,4,31,33,34,50,54,23
604,6,16,30,36,43,56,45
603,11,19,34,36,43,56,53
602,8,27,31,37,43,45,24
601,9,19,26,41,51,52,8
600,1,11,26,31,52,55,50
599,4,6,22,39,46,53,41
598,1,16,30,31,34,43,18
597,4,5,14,23,26,47,2
596,10,28,32,35,44,48,14
595,2,8,24,29,41,46,26
594,2,18,23,24,32,54,40
593,6,10,17,21,30,39,16
592,20,25,29,34,44,54,18
591,25,28,29,43,47,49,52
590,4,15,22,28,40,48,16
589,31,35,39,41,50,51,26
588,1,3,5,26,37,52,15
587,4,29,30,41,43,49,47
586,1,10,20,37,53,56,22
585,12,29,41,49,52,55,46
584,2,9,13,16,27,38,37
583,13,15,23,42,49,51,5
582,3,12,18,24,43,50,30
581,1,4,15,24,34,52,38
580,11,15,29,39,40,50,41
579,7,34,37,41,44,56,52
578,7,12,25,35,44,45,43
577,11,33,37,38,41,46,7
576,1,10,20,25,44,46,52
575,7,16,17,39,46,56,9
574,10,15,17,31,45,51,9
573,2,11,24,42,51,54,16
572,17,19,33,38,54,55,6
571,8,16,20,28,33,36,46
570,9,13,39,44,48,52,23
569,9,13,21,50,51,53,26
568,15,18,23,26,32,34,3
567,6,24,31,37,39,54,42
566,31,32,33,36,39,44,56
565,8,11,23,25,28,29,37
564,3,4,36,43,50,51,13
563,1,3,4,9,20,55,53
562,10,21,25,29,43,52,30
561,11,13,31,32,33,40,5
560,15,18,21,29,33,41,43
559,2,8,27,32,38,49,9
558,11,20,27,50,54,55,24
557,3,17,21,36,37,40,53
556,5,10,11,17,39,48,35
555,5,23,24,33,48,50,1
554,12,28,32,40,45,52,46
553,12,13,15,34,36,47,28
552,9,11,14,20,24,44,30
551,15,16,19,25,50,54,29
550,2,29,31,36,44,50,54
549,13,20,21,24,32,50,35
548,2,5,15,34,45,46,30
547,1,6,31,32,43,47,39
546,6,21,23,25,28,48,22
545,19,21,26,50,55,56,17
544,10,11,23,28,32,34,21
543,6,13,16,40,41,53,45
542,11,12,18,29,33,50,53
541,15,23,43,44,50,55,4
540,13,14,17,35,39,54,45
539,14,28,40,42,43,45,23
538,9,19,39,46,49,56,7
537,10,12,20,29,46,47,27
536,6,7,31,33,42,52,21
535,15,22,35,44,50,53,3
534,3,6,9,16,25,42,29
533,3,6,12,21,43,51,24
532,3,11,14,18,38,47,52
531,5,6,10,15,28,52,39
530,11,19,24,26,33,56,50
529,12,15,16,18,39,47,36
528,13,19,24,39,40,46,21
527,5,21,23,41,43,56,33
526,9,17,43,46,48,53,12
525,17,18,24,34,41,50,37
524,1,8,19,35,37,43,31
523,12,23,39,45,54,56,7
522,8,15,17,35,39,45,13
521,11,12,23,25,41,44,4
520,17,21,27,42,50,52,16
519,9,17,29,52,54,56,49
518,2,8,11,18,25,56,17
517,16,26,27,30,41,54,21
516,11,16,28,38,39,53,18
515,5,12,21,27,43,49,11
514,5,11,28,35,38,42,30
513,1,22,30,36,45,52,49
512,13,14,19,27,35,54,25
511,8,14,32,40,43,45,15
510,37,38,42,48,49,50,26
509,9,19,22,24,30,34,52
508,4,15,16,21,35,56,45
507,4,19,36,39,40,53,52
506,3,14,16,21,32,54,13
505,3,8,31,32,52,54,48
504,5,29,30,34,36,50,37
503,1,12,14,31,34,56,55
502,1,5,24,29,30,46,19
501,3,7,10,28,34,43,20
500,3,30,42,49,50,51,40
499,16,18,34,42,47,55,43
498,1,3,5,53,54,56,42
497,1,11,20,38,41,43,39
496,7,16,18,24,46,54,49
495,1,5,15,18,24,54,50
494,11,15,28,31,39,50,2
493,3,8,32,37,39,43,30
492,9,37,40,42,50,55,45
491,11,13,25,27,48,53,18
490,6,17,21,26,41,51,30
489,5,26,38,48,50,54,13
488,9,25,27,30,31,41,2
487,4,17,30,36,42,53,32
486,22,24,25,31,32,56,38
485,7,10,37,45,54,55,23
484,9,16,19,33,46,50,10
483,1,3,14,26,29,32,51
482,13,18,22,29,33,50,6
481,5,9,26,39,40,43,48
480,18,22,23,33,52,54,11
479,1,13,42,45,50,53,33
478,6,10,30,31,34,36,47
477,24,31,44,47,54,56,50
476,12,15,25,32,34,50,51
475,2,4,21,25,33,46,17
474,15,17,18,28,30,40,3
473,5,18,25,35,39,48,16
472,1,6,27,31,37,48,55
471,6,11,25,38,50,53,47
470,9,17,18,31,41,54,8
469,2,5,15,17,44,55,12
468,1,6,36,42,44,45,19
467,3,14,19,25,39,50,49
466,4,22,28,38,49,51,32
465,15,27,30,38,44,55,41
464,10,14,15,23,49,52,4
463,4,7,18,19,20,37,17
462,1,11,14,23,46,49,34
461,13,23,27,32,49,52,12
460,4,10,13,17,28,29,47
459,12,15,22,34,36,48,54
458,2,6,10,14,27,45,39
457,14,23,43,44,45,56,17
456,26,28,35,40,41,49,52
455,7,14,38,44,46,49,6
454,1,5,17,31,42,46,51
453,4,20,37,43,54,55,21
452,2,3,5,11,47,48,44
451,6,13,15,22,40,41,38
450,7,24,26,49,51,54,25
449,3,26,29,37,51,54,38
448,8,21,33,43,44,50,14
447,19,39,43,49,50,52,17
446,12,14,24,34,49,50,52
445,13,21,35,36,44,47,54
444,8,9,17,32,34,48,27
443,6,10,29,47,55,56,54
442,20,22,39,51,52,54,38
441,29,32,38,39,51,54,53
440,12,13,28,33,34,51,53
439,23,24,26,32,35,54,45
438,1,3,26,48,49,51,45
437,1,6,12,18,22,33,19
436,3,22,24,37,39,42,50
435,10,20,23,24,40,49,44
434,3,7,14,18,33,44,29
433,26,32,38,41,55,56,42
432,23,28,32,34,37,38,55
431,3,6,32,36,42,45,27
430,8,16,21,36,48,51,45
429,12,19,21,24,41,42,3
428,1,3,13,33,39,51,43
427,6,22,24,27,41,45,51
426,1,13,22,32,36,53,54
425,5,16,23,24,33,47,11
424,2,7,9,25,32,41,38
423,6,15,18,20,38,43,27
422,7,11,13,15,47,51,24
421,5,12,14,17,41,46,13
420,1,8,20,29,37,44,25
419,1,5,31,46,52,56,2
418,4,6,13,15,17,29,42
417,15,21,28,35,40,48,27
416,14,32,33,36,39,40,29
415,4,7,17,29,31,51,12
414,5,8,11,20,25,41,14
413,11,15,34,41,44,50,30
412,7,14,30,49,51,55,13
411,20,23,37,39,41,56,46
410,8,25,32,46,49,56,41
409,2,4,16,24,31,40,39
408,5,13,18,22,30,43,56
407,16,24,37,38,47,52,13
406,7,8,24,25,37,55,42
405,2,9,11,36,49,56,27
404,10,15,31,37,51,56,26
403,2,24,26,31,48,50,44
402,1,5,15,32,33,36,47
401,1,2,17,20,36,56,48
400,8,17,31,46,47,54,18
399,17,24,26,32,34,40,37
398,2,3,6,29,33,44,38
397,15,22,24,29,31,50,7
396,11,13,19,31,42,46,6
395,13,16,19,20,21,32,15
394,6,9,18,33,35,48,24
393,1,6,10,14,30,53,54
392,11,13,18,25,27,56,28
391,24,33,35,38,49,52,2
390,4,5,14,18,54,55,15
389,11,12,21,30,39,41,48
388,3,10,14,30,45,56,9
387,18,19,27,47,53,56,51
386,5,10,17,42,47,54,12
385,12,20,25,35,41,43,6
384,5,14,22,34,35,41,43
383,28,32,34,43,49,55,7
382,2,33,36,39,44,52,30
381,6,8,18,32,43,51,17
380,10,24,34,44,47,53,5
379,6,27,38,45,53,54,18
378,8,33,36,37,52,56,38
377,1,9,26,41,47,53,5
376,5,17,18,23,29,30,40
375,1,21,24,26,29,33,22
374,2,4,35,44,54,56,28
373,14,15,32,50,53,55,43
372,1,9,17,18,35,47,13
371,3,7,13,32,40,41,22
370,9,11,22,36,47,49,38
369,2,9,11,17,27,42,25
368,1,5,14,23,24,54,56
367,13,22,28,33,34,50,7
366,6,21,23,26,35,53,44
365,12,17,18,37,44,50,8
364,22,27,42,48,53,55,28
363,1,3,8,17,36,41,44
362,3,8,19,25,34,51,10
361,3,18,19,45,49,50,54
360,21,27,40,44,45,53,37
359,15,16,40,41,51,52,25
358,4,5,34,38,46,55,29
357,10,14,34,37,42,54,1
356,5,20,35,48,53,56,23
355,29,36,38,39,42,49,48
354,3,8,10,11,14,56,18
353,11,28,41,44,47,55,52
352,10,11,14,23,24,38,44
351,6,7,8,25,26,40,55
350,29,37,40,44,53,54,42
349,20,46,50,53,54,55,6
348,5,10,14,24,49,54,32
347,13,18,22,33,43,53,25
346,8,12,13,28,34,48,43
345,15,17,26,31,37,42,29
344,5,6,12,21,53,55,15
343,6,13,16,27,29,55,15
342,9,17,29,37,49,50,2
341,2,23,24,28,50,53,12
340,3,10,13,22,29,30,46
339,2,17,20,26,46,50,51
338,18,40,44,49,51,54,15
337,6,9,16,17,27,29,15
336,10,13,26,31,36,53,48
335,16,19,21,27,29,37,22
334,6,26,34,40,42,52,53
333,1,10,28,33,38,54,35
332,1,15,22,36,39,49,31
331,4,20,21,22,45,47,24
330,21,28,33,39,51,52,31
329,19,21,36,38,42,51,28
328,1,2,11,31,35,54,41
327,23,25,33,41,44,51,4
326,29,32,34,42,45,51,11
325,10,12,18,21,44,55,46
324,1,11,13,20,41,49,18
323,21,23,29,31,40,56,52
322,13,27,29,33,41,45,49
321,6,7,9,21,33,37,1
320,1,6,18,29,31,47,42
319,22,23,36,37,45,50,15
318,12,13,14,15,25,30,43
317,20,35,38,42,46,55,56
316,2,3,32,46,49,55,35
315,4,7,21,52,55,56,12
314,8,15,23,26,35,52,16
313,3,6,7,22,32,51,35
312,25,35,43,45,48,50,52
311,5,11,22,31,32,53,45
310,13,18,32,33,40,46,26
309,1,2,8,11,42,54,47
308,1,18,22,35,36,56,17
307,21,23,34,39,43,49,56
306,10,17,29,33,40,46,32
305,2,13,15,20,30,50,36
304,18,21,29,41,55,56,48
303,7,9,27,43,47,52,4
302,11,29,45,47,53,54,23
301,15,32,41,45,48,52,20
300,5,17,22,27,37,52,42
299,8,15,24,29,30,49,9
298,8,11,25,35,36,51,37
297,6,20,24,35,52,53,34
296,6,9,13,21,29,45,7
295,7,14,38,40,43,56,34
294,9,27,35,43,50,52,41
293,13,18,32,33,34,54,28
292,1,3,12,30,31,38,16
291,18,27,30,41,43,51,49
290,19,29,36,42,44,52,45
289,4,21,28,39,49,52,2
288,5,8,13,15,24,47,48
287,1,13,17,24,34,53,39
286,15,20,23,44,51,52,6
285,13,15,30,37,40,45,31
284,2,3,26,49,50,52,29
283,5,17,19,46,48,50,55
282,1,3,11,28,41,49,53
281,13,20,39,43,54,56,42
280,1,8,9,16,22,44,38
279,10,14,18,26,27,55,39
278,4,12,13,20,45,54,43
277,3,38,40,46,49,52,45
276,4,15,27,28,32,34,5
275,17,24,27,33,35,55,19
274,27,31,33,39,48,54,24
273,23,25,28,33,35,53,4
272,1,8,19,26,32,56,17
271,4,16,24,25,28,54,33
270,8,14,15,36,45,49,6
269,9,12,18,34,40,54,25
268,21,25,27,32,33,41,42
267,5,12,21,30,36,52,43
266,5,8,21,24,30,47,34
265,23,25,33,41,44,56,11
264,3,7,13,18,20,23,49
263,15,24,39,42,45,56,31
262,4,18,20,24,33,55,46
261,7,16,21,31,45,46,1
260,4,12,18,23,38,41,16
259,1,14,26,40,45,55,10
258,11,22,24,26,47,48,8
257,1,21,23,29,48,50,30
256,3,18,33,38,48,49,45
255,2,6,20,42,43,50,38
254,1,16,18,36,44,51,31
253,1,8,12,14,18,38,56
252,6,36,37,40,45,49,39
251,7,10,20,21,25,31,3
250,14,35,39,43,44,46,48
249,29,30,37,41,45,56,12
248,9,25,30,33,36,50,16
247,2,7,11,15,43,49,40
246,10,12,17,20,48,53,9
245,12,14,19,35,45,49,43
244,6,35,44,48,52,54,55
243,2,8,12,20,45,54,33
242,5,23,29,42,46,52,24
241,4,23,24,25,36,53,51
240,14,31,32,36,48,50,20
239,7,11,19,29,39,47,35
238,5,13,30,42,49,50,38
237,18,19,26,31,45,51,32
236,2,35,37,42,44,49,23
235,3,10,16,20,50,53,31
234,3,5,22,23,37,53,10
233,3,4,22,40,46,55,11
232,15,16,21,26,43,50,2
231,12,24,34,41,47,49,26
230,21,22,35,38,40,53,16
229,7,10,14,19,35,39,43
228,3,4,19,32,36,56,28
227,15,17,24,30,39,52,18
226,11,15,33,46,48,52,18
225,3,7,46,47,54,55,30
224,6,16,19,38,48,51,25
223,1,18,33,34,40,45,12
222,5,9,18,29,32,56,27
221,5,10,16,35,37,50,25
220,4,10,24,27,41,55,38
219,3,5,46,49,50,55,14
218,6,14,26,41,43,52,5
217,9,15,17,27,29,36,50
216,8,14,17,25,27,38,18
215,12,20,30,41,49,53,18
214,10,11,18,29,37,40,45
213,7,10,13,27,50,54,20
212,18,19,24,28,33,47,16
211,1,38,40,42,50,56,4
210,10,20,25,46,52,56,33
209,1,6,15,24,30,55,46
208,1,17,18,27,49,53,25
207,1,8,11,19,22,27,42
206,1,3,18,19,50,56,52
205,12,14,36,38,45,48,29
204,2,15,19,36,42,43,13
203,2,19,30,38,42,48,20
202,2,11,15,32,37,44,55
201,4,25,26,47,53,56,37
200,7,10,28,32,40,51,50
199,4,6,21,29,51,52,27
198,8,12,22,26,34,55,30
197,1,5,9,19,39,44,33
196,6,13,15,19,55,56,40
195,16,27,31,33,39,43,8
194,2,8,12,24,29,41,33
193,2,20,21,35,39,48,1
192,2,4,22,24,39,55,41
191,15,28,50,51,55,56,3
190,7,14,38,41,46,54,31
189,1,18,30,44,45,54,11
188,1,11,12,29,36,51,3
187,2,5,19,31,47,54,30
186,21,27,29,35,38,46,2
185,7,8,24,26,27,28,10
184,1,8,24,26,35,50,17
183,7,17,19,34,46,53,12
182,2,7,12,28,52,54,53
181,4,10,15,32,35,45,2
180,9,38,44,52,54,55,48
179,15,17,19,23,25,42,1
178,14,18,32,48,50,54,1
177,3,9,18,32,47,54,52
176,1,19,32,39,40,41,3
175,22,26,31,39,44,52,24
174,1,10,26,30,39,42,35
173,18,19,38,48,53,56,17
172,8,10,14,17,27,41,36
171,7,8,31,44,47,54,12
170,5,12,27,29,44,53,49
169,2,14,19,29,30,38,7
168,2,35,46,47,51,53,49
167,12,16,19,21,35,39,32
166,8,11,15,24,35,55,5
165,30,31,38,42,45,54,27
164,4,29,40,47,51,52,7
163,10,15,26,44,53,55,14
162,5,6,9,27,32,40,47
161,3,15,27,50,54,56,10
160,8,17,19,22,36,39,41
159,1,15,17,23,30,38,53
158,8,18,19,37,43,48,42
157,4,6,8,30,34,38,12
156,12,32,44,45,47,56,50
155,1,8,23,29,45,50,6
154,4,16,17,18,29,33,22
153,6,44,48,49,51,53,31
152,3,4,33,37,40,44,6
151,7,24,25,40,44,54,2
150,8,29,36,48,53,56,40
149,8,18,24,33,39,40,2
148,6,10,13,36,39,43,42
147,7,13,14,28,31,43,38
146,6,14,21,24,35,41,33
145,19,29,33,35,36,42,52
144,1,2,8,22,25,37,39
143,14,15,27,37,40,44,36
142,12,18,19,30,33,49,43
141,1,2,15,27,40,45,22
140,10,11,13,24,34,49,6
139,4,20,30,35,51,54,38
138,8,22,27,39,52,53,49
137,5,6,14,32,43,56,24
136,1,19,24,26,28,42,30
135,3,9,13,36,48,50,1
134,7,18,31,34,36,49,43
133,33,37,42,44,47,54,17
132,5,6,22,28,41,49,32
131,6,24,32,42,47,54,11
130,6,26,30,36,49,51,50
129,13,17,26,39,40,44,10
128,1,5,7,17,37,50,40
127,3,20,31,42,48,50,26
126,3,14,42,45,54,56,39
125,8,14,25,29,37,52,54
124,3,11,12,14,54,56,13
123,31,35,36,42,45,52,6
122,7,26,28,36,38,54,41
121,5,8,17,19,48,56,27
120,10,26,36,41,45,56,47
119,2,6,15,23,29,51,28
118,13,23,28,29,30,36,31
117,5,9,28,29,37,49,10
116,9,14,15,17,20,50,10
115,20,31,36,39,42,51,56
114,3,5,10,14,16,17,52
113,17,20,23,36,45,46,19
112,5,6,16,18,35,39,51
111,12,16,24,27,35,52,6
110,13,25,31,42,50,54,40
109,7,10,15,28,47,54,17
108,25,27,36,39,43,46,12
107,2,32,33,37,39,55,25
106,9,10,11,26,44,54,36
105,7,20,21,40,48,54,31
104,5,28,30,37,50,56,44
103,1,29,38,45,50,52,31
102,3,17,18,19,40,49,26
101,1,19,38,41,51,55,49
100,23,28,38,42,44,47,50
99,7,12,20,28,46,47,13
98,5,8,16,29,36,56,46
97,2,4,24,31,34,56,35
96,16,19,23,26,40,47,14
95,10,35,36,37,41,42,39
94,1,3,28,29,40,53,24
93,8,12,29,30,48,51,10
92,6,7,27,43,52,53,35
91,1,15,20,25,52,56,49
90,2,7,31,42,44,49,19
89,12,17,18,22,41,53,45
88,1,13,28,34,43,49,14
87,4,7,24,27,31,42,15
86,7,13,18,34,40,50,46
85,3,4,15,24,42,56,17
84,20,21,33,35,39,50,28
83,2,6,8,29,38,50,1
82,9,11,20,30,36,55,10
81,8,12,24,31,42,48,37
80,15,16,17,25,36,52,37
79,4,8,31,46,50,54,21
78,10,19,21,33,40,48,13
77,13,23,24,28,34,43,1
76,35,36,39,41,45,47,52
75,1,15,31,35,38,53,44
74,9,24,44,47,49,54,2
73,1,5,10,12,18,41,34
72,1,4,5,31,51,53,29
71,6,15,16,24,28,43,26
70,10,18,19,23,43,53,27
69,7,10,35,40,43,55,49
68,2,27,31,42,43,44,4
67,5,6,9,25,50,55,43
66,8,18,20,21,23,48,40
65,14,27,36,46,50,54,3
64,18,22,28,32,41,44,51
63,7,26,29,36,39,41,11
62,5,29,32,38,48,54,47
61,18,23,35,38,42,55,1
60,18,21,25,28,36,41,22
59,1,16,17,19,28,41,21
58,3,6,18,27,29,52,44
57,1,5,11,32,39,43,20
56,4,19,23,25,26,28,14
55,12,15,38,50,51,53,18
54,5,16,25,27,39,44,22
53,3,5,25,27,36,38,18
52,7,13,16,18,23,32,34
51,3,19,29,30,35,39,26
50,5,9,29,33,50,52,44
49,6,7,18,27,31,43,52
48,30,31,41,43,49,50,17
47,13,28,32,34,39,48,15
46,4,7,10,11,21,46,39
45,2,4,13,26,31,54,10
44,1,12,15,16,28,55,38
43,11,22,29,31,43,48,14
42,2,3,12,15,37,52,34
41,2,6,30,39,41,49,10
40,10,15,21,29,30,44,40
39,1,20,30,34,39,49,27
38,9,24,29,34,43,46,38
37,15,21,26,31,43,46,7
36,1,9,14,16,24,55,47
35,1,3,4,40,52,56,5
34,2,14,26,34,47,51,22
33,25,31,35,36,40,42,5
32,4,16,20,24,39,43,48
31,12,35,36,39,47,50,4
30,12,14,22,32,36,51,33
29,9,11,20,24,29,54,42
28,1,5,7,20,28,55,56
27,9,17,20,30,33,50,44
26,2,24,34,39,40,50,44
25,5,8,31,45,52,56,48
24,17,19,22,29,40,48,7
23,1,33,49,51,53,54,11
22,4,6,8,19,25,51,1
21,20,34,39,44,48,53,23
20,14,16,18,33,35,42,8
19,7,12,24,36,46,53,23
18,9,21,34,49,51,56,17
17,16,18,24,44,51,56,3
16,8,9,30,33,37,48,28
15,14,16,37,44,53,55,31
14,1,12,18,38,41,47,28
13,21,25,32,43,52,53,6
12,2,11,19,23,33,48,1
11,2,15,24,42,43,44,40
10,5,22,24,29,51,54,12
9,4,12,20,21,39,41,52
8,4,12,32,42,46,53,16
7,4,14,18,29,32,53,26
6,1,11,13,45,47,53,38
5,11,19,21,37,38,51,55
4,3,9,13,18,19,44,35
3,1,12,16,18,26,46,8
2,2,8,10,28,41,42,22
1,3,30,31,37,44,45,42
0,6,29,30,41,46,52,24
